alpha,beta_logM,sigma
0.11854578701989005,-0.28661527435695916,0.2733353991735959
-0.13443087038301535,-0.24052126010183567,0.2665533760046836
-0.30302782178412996,-0.15238396760171868,0.21466783900752442
-0.5261370485447978,-0.07031800640496955,0.3732131965727719
-0.1725466022108421,-0.19245427176013982,0.22131078608893778
-0.19732635459956746,-0.20872440759170055,0.19932363046474738
0.20913551823087811,-0.3209490601108919,0.3330997365404861
0.1853709911975796,-0.34142812783725107,0.27739014765684616
0.25933615160912044,-0.3647559862452494,0.37889887033178815
0.10988490948225027,-0.2803371523215669,0.21469661032017273
0.1673473109097065,-0.36004827863153577,0.2168530362662598
0.06466746703803608,-0.31956955407372184,0.2357255946882758
0.031801511007832094,-0.284903554381409,0.30934892590976426
-0.35954354016596357,-0.17450766023255912,0.3268084414362965
-0.2451317286221247,-0.15993873166363776,0.2129325338732563
-0.03771794603909143,-0.2673555980414865,0.25280133084944134
-0.42613751832756686,-0.1408968758161856,0.22676006549325353
-0.009394723301944564,-0.2808188578305863,0.18938951459929587
0.01882239959282954,-0.31167359595932626,0.2770695989260688
0.02185525070840926,-0.29537381621171105,0.21780913636255061
0.20524643257513978,-0.3522443296645286,0.1891550232186049
0.3889989426676046,-0.4718899630834516,0.24411323868185503
0.3791568269164599,-0.363570466050374,0.3578106892923941
0.09099947238254076,-0.34828809830714863,0.23976890454188227
0.43545498397843463,-0.38451837203318273,0.32867591339935354
0.49282360768483635,-0.4696616092485307,0.22802896870642886
-0.41018226822303244,-0.14822196903368315,0.2119028835819322
-0.13797204422937615,-0.22067509356004616,0.19942257755316672
-0.3627956637686797,-0.14670320696414066,0.1745535577300683
-0.31808673426893697,-0.1593444688805755,0.26940079660896765
-0.20209099953616055,-0.21462353686242797,0.22015837144884742
0.07527799773360774,-0.2734091861429343,0.29150465377750273
-0.2102182353469731,-0.1681315185282933,0.30552399803589136
0.005692276896611087,-0.29217587206876094,0.27720129248359915
0.027219265162642475,-0.2868285662602858,0.2968614341376022
0.1608573602466761,-0.34873637240483907,0.2478247151321728
-0.3411013706519322,-0.173032653978711,0.30880370869331963
-0.23876884045454744,-0.20502375512691268,0.35694408974657643
-0.41375042913033305,-0.1284430438236347,0.21974390935294125
0.12501026805014565,-0.3195866332039615,0.20893456365454838
-0.3510695023482819,-0.16089580524144753,0.2863291665072176
-0.11313455940584105,-0.2491884688298089,0.2378135068825465
-0.43056176990861134,-0.16265837525338406,0.28366728703705735
-0.14044518478689905,-0.2480364481287598,0.2922411095783226
-0.0326393947657989,-0.28833296228070937,0.4626668153860237
-0.053153380161578466,-0.2521334825639464,0.21007784145218897
-0.3323906828667613,-0.14400811417835602,0.2398741971110391
0.1596789240339629,-0.33085341748544794,0.18328483348233204
0.07828586442983679,-0.2297106728551216,0.31120739451909685
0.20210053509864592,-0.3435309159342532,0.22904148781679087
0.015370613499216812,-0.32651587169237667,0.330059232988413
-0.1218174256619112,-0.18961306358441649,0.220634879835954
-0.5590442360767383,-0.1172337528256472,0.2274904017545794
-0.3649126313697048,-0.15813376824563263,0.36943931231253513
-0.08287817970927072,-0.2205735145755747,0.21389914386289027
0.02102808713984807,-0.28914790184817146,0.14939749778942785
0.06491172900670933,-0.302981453956273,0.21371204353553017
0.11945675171993878,-0.3414871490414003,0.41568954526552815
0.1907226699540825,-0.351804164441331,0.32401974820493284
-0.16853193623813456,-0.22974129112881436,0.2315429738648988
-0.46420796203883236,-0.09884094996030807,0.20887447505714457
0.0941392113007032,-0.30817200502837533,0.24841862956044572
0.21722032270102828,-0.3253370513772961,0.24235268089909673
-0.2960303351242212,-0.1790431693772555,0.36885676396347633
0.3162171275423609,-0.4216297436907407,0.29127291326079907
0.27598421078623786,-0.38313983486888037,0.32408469177491106
-0.4189909967791532,-0.1413659226426367,0.32987520327212283
-0.002396899573728885,-0.25871783785736796,0.24918213108884707
0.22763893335832966,-0.33753581637021796,0.22551945260528136
0.0022956491844996207,-0.3279872223013207,0.22999054747738173
-0.1594199022357573,-0.18662528972431192,0.24100448585276402
0.25842467506611705,-0.3038603690355667,0.27552660674172136
-0.17057842137995793,-0.19655049729510538,0.29314317160788206
-0.5155835488894498,-0.06626935884966689,0.1894197969464758
0.22126951227548866,-0.3063833143482673,0.49149939984177615
-0.442293312886081,-0.12759817980470484,0.3495122895505276
-0.8477735919828863,-1.8569418843732838e-4,0.2666674239477126
0.014495212892889372,-0.2730151361440725,0.3139784811404196
0.23621250010394523,-0.38272371215487405,0.31074526251779283
0.04506726492035335,-0.2551432874569266,0.2702829721088097
-0.011332300679883903,-0.23573778245285618,0.36756620420243147
-0.08091782442672339,-0.2551799148230688,0.26572385870987836
-0.28763377928244793,-0.15962997032761725,0.25670475781412644
-0.49330319107929876,-0.11048996503447375,0.27442445723200143
-0.08577621038663452,-0.2638826459616319,0.2714969214411395
-0.09326460496339406,-0.22612810674955608,0.3611762799391599
-0.029815049734382936,-0.26281178874848066,0.22130933636489397
0.46245124540382265,-0.3649106780470262,0.3613320402495529
0.010472778613492092,-0.3053264116742862,0.3941716232653581
0.29688091048287335,-0.31728097883161643,0.32836524749062257
0.4337483959581081,-0.4271653024224187,0.22967585736944973
0.36373386312428785,-0.40785865563596263,0.2668198588957533
-0.09539662997991585,-0.2970827359104119,0.31014430654628355
0.2434900517095542,-0.360785543770527,0.2907729206864551
0.38263078159955677,-0.37705501914639084,0.2681215262722869
0.22629122522433937,-0.3629445843493705,0.2595541273529699
-0.15124222761038314,-0.2182391740723244,0.2958143378156381
0.03354851760331368,-0.2355503176654616,0.40947025709727575
-0.16561910533371063,-0.2037095811273012,0.20543566976260624
-0.05653969364987987,-0.2702137331244233,0.250449992814906
-0.4884777214687409,-0.09283966874841963,0.35973783575289303
-0.6028522654906396,-0.07024893512607663,0.22781458859395404
-0.14338513987974424,-0.22269902837180966,0.1802601737304298
-0.3144291051995624,-0.1499959426891237,0.2713282575799751
-0.07516357273224687,-0.2438035095097366,0.21831308791185705
0.030685166371779506,-0.2785750169910637,0.20516132471781484
-0.089776931217007,-0.24511712675542424,0.21024847080865572
-0.5505026889079959,-0.10341614241038898,0.24088620311365352
-0.6744119335686432,-0.0682114622628814,0.2539137694094749
-0.4427497497619147,-0.1453632570108665,0.2710983855983631
-0.3651788216668198,-0.10133444874596009,0.251967408384296
-0.18307083260344997,-0.19032768209835443,0.23861981333197874
-0.3724961885093219,-0.1561764311907176,0.25376884975996483
-0.3007130542754586,-0.1393817178359967,0.3510764270938723
-0.048237363800702336,-0.24086908156894965,0.3249080677652887
-0.21807124026082333,-0.20028355951598645,0.23894958846017897
0.08853242652162319,-0.2851307027856303,0.2841604926836593
-0.12892672620871662,-0.2767065384199518,0.2526829581345071
-0.036663648180279854,-0.25752206907547925,0.18215529669448566
-0.14888388534673003,-0.25821202643572944,0.22653172803087843
-0.688108196240821,0.01109577236995321,0.29512895400639955
-0.34573007888245194,-0.15376683749131595,0.31809559490087724
-0.09488415323247593,-0.24983761182200442,0.2937861610164241
0.07939168706796795,-0.2936248811089859,0.22209308470318653
-0.4379539226903433,-0.15093206137429627,0.24596705001420036
0.30605067298428634,-0.36165065728800216,0.3320530807646513
1.7659727412419612e-4,-0.29837425532241785,0.23119393196073557
0.20060667169858085,-0.34977469174735126,0.3102380399027733
-0.09679808800591908,-0.22961364366281758,0.26052825512680733
0.13760341300460882,-0.3015164220194474,0.2695653813470329
0.17159972401803994,-0.314566105384268,0.21919069156102133
0.13825007068744294,-0.3052322070268923,0.3723526324631886
0.12924887536379615,-0.3247996648646855,0.23432315405143178
0.3906105916834249,-0.41424483130782525,0.2268595090021604
0.18233750021855402,-0.3612027132986148,0.23576620964051048
-0.07543820199399416,-0.25173647751327144,0.18016284999596593
0.20287954238170958,-0.31624681504418756,0.19772094203934562
0.2475287043296978,-0.3623317495629157,0.2609997499984217
-0.2895215644314641,-0.14363515120561818,0.21227720762153837
-0.17481788393200554,-0.20406847284386959,0.25382119440173245
-0.06267132395463218,-0.2872140546923372,0.2150192576260001
-0.13410459258035862,-0.25319283107211027,0.3549845650386781
-0.08711135383913696,-0.1908129863283503,0.35635216941903475
-0.36720381038493977,-0.15160108395221064,0.22396115048492538
0.5424617100467641,-0.42549678814614456,0.31317098627718015
-0.1926609826640489,-0.23598355561534878,0.3237349629022618
0.10529018314226868,-0.2851074336028593,0.2904818692304735
-0.07611101039186002,-0.263504557877646,0.20395413529687162
0.1073904653556602,-0.3532723488246629,0.2530682560752857
0.050715293167659534,-0.28923869839275895,0.2986717092799047
-0.05477825359988717,-0.26135539484728737,0.1597290997429841
-0.03719556616869611,-0.2910569390272398,0.24313540172803771
0.5713498647516565,-0.43999223273873567,0.2615602831483776
0.03813924487755965,-0.37914981707420087,0.33161121329242527
-0.1832831250736037,-0.15457611122101036,0.2603104450585365
-0.46170123816830283,-0.1073439563502625,0.25587403968894623
0.12061001120518412,-0.3076872450398687,0.22503159493993585
0.003225189000990121,-0.26724738694733785,0.24017186855797157
0.04376648738586125,-0.316080374053939,0.21069771569178003
-0.1774727236492396,-0.18462653504850593,0.22987080414593708
-0.14490003455630046,-0.2266423203274771,0.19608408599129074
-0.12665154861406402,-0.25136605028519304,0.19347521837916987
0.051853587802069515,-0.2717161951499533,0.2318139575178127
-0.12938538564875637,-0.2368635123031383,0.2644713319465919
-0.24321501661745648,-0.20453408658645247,0.29176423750686037
0.2811515042074982,-0.38243635576230317,0.23985193746408145
0.3102980529513594,-0.36727494218903634,0.23622233750948965
0.08156632535923769,-0.28633580428434163,0.24482912891846043
-0.27077737125653556,-0.17028149109979285,0.29955478624358667
-0.13345618396943998,-0.22095716393658063,0.257988367039112
0.3004511632336944,-0.36701384263050646,0.28232702988567016
-0.18875295421219987,-0.19011436396563222,0.2135582812024369
-0.11159704333696548,-0.20838681515149746,0.20901592810321468
-0.04111156531780621,-0.24535683394932994,0.23639935735756346
-0.11765730478115594,-0.2286659772928804,0.215720231500775
-0.2432213336153824,-0.20710589066879068,0.23646793281690504
-0.21173441412308364,-0.23389155512097942,0.2861131863124279
-0.3394503139650456,-0.16754009729107208,0.26884532376651077
-0.2887288985919567,-0.19555947082337224,0.24723844942545745
0.046646933751202435,-0.31035437792094633,0.3129364751972945
-0.07753581466290378,-0.23343420898454859,0.2647619755846715
-0.3696762534617249,-0.12966346534400897,0.30362615089494394
-0.2686380283109405,-0.13380620141259533,0.22457133743327307
-0.11932383661023377,-0.25964431409221983,0.17293513975459593
-0.4446126968090003,-0.14686906525798682,0.2318763058723825
0.0643250738029397,-0.27357948223465284,0.35417223189280894
0.31594501540867176,-0.3755739019757698,0.27783820931126685
-0.23855022698506886,-0.19455774024605926,0.1820386160767462
-0.143996110819079,-0.2206131518685939,0.21511725466916537
-0.39166120352072603,-0.15588395976941444,0.2292920957198986
-0.30834584567003703,-0.14083912780975272,0.409299802481835
-0.22471968653448227,-0.18251727370590304,0.17714205561536567
-0.2518709877383615,-0.19600487485971552,0.2491568393157067
-0.02845698837676232,-0.2592208116766011,0.1730217162982736
0.13116132531913924,-0.36298602497319254,0.17485851192967866
-0.10425356133642638,-0.28698868850413334,0.2583220758198026
-0.1163543327408403,-0.23133261644540357,0.19350642645898705
-0.04132359093073541,-0.2567231224296608,0.20569791087149514
-0.04624826938546853,-0.2930219900887257,0.21162949990030466
-0.005830089325471602,-0.27262930031071886,0.26116878315036784
0.0969109280009195,-0.31176244012954174,0.28550253638816026
-0.027096284032334002,-0.24466799678141316,0.2008294906376379
-0.1649690884536007,-0.28211665065119174,0.42020885812863906
-0.3044808057717632,-0.16920140069790673,0.3354765070196596
-0.41934998417114067,-0.1658681134894388,0.32078759436739984
-0.21672930492223216,-0.1797246394156027,0.2776121499521134
-0.33364776874684465,-0.17607035031782284,0.25874625276592206
-0.35122224744735714,-0.16274901340415346,0.21590144617676504
-0.19424264633013874,-0.16118532543521474,0.37855575603286246
0.2732359786210571,-0.3616553612379151,0.20814241354384294
0.397023765533909,-0.3837447799763465,0.243574182158454
0.3828735482529034,-0.38745880869492644,0.2542791149039614
0.2782137374194005,-0.37376866479309806,0.364546257376974
-0.21826378909214422,-0.2073329357155518,0.24694698477243363
-0.04250307070154424,-0.3285118622143424,0.34761622977308215
0.03249496267917359,-0.300412431122672,0.2971207938156643
-0.18179914664511015,-0.20908503707347592,0.19151280641096285
-0.130852387486997,-0.2620759618367918,0.2689188204313697
0.4396754297063476,-0.416778593652375,0.48918472864367163
0.30089084917228454,-0.39337086178793634,0.43444356117256866
0.029247045015764694,-0.2725902566260909,0.21155682094013897
-0.10234146864901858,-0.23585767637832578,0.23299860535838082
0.08346280790353205,-0.29332808811955624,0.19140689918003567
0.07757877619043253,-0.3040698865714404,0.3343265604106317
0.5397940093207296,-0.40370530746387695,0.29296576334792523
0.745320476959772,-0.5236023099100053,0.4446459871441709
0.3507502552096206,-0.384360561801782,0.2763752143926774
0.42399664645795787,-0.49701441141503894,0.38800214550162515
-0.14888326755334888,-0.19926840844420035,0.2619071373307954
-0.006193919258086919,-0.25229092950652116,0.20396344301973712
0.4678360530559444,-0.44929083081221877,0.2492446557823177
-0.05985366183614867,-0.24735823776125065,0.20626857831137949
-0.22333682043346073,-0.15944040758754746,0.19436898933497196
-0.3822333649472774,-0.11749098798444134,0.21978847179315975
0.09633631005393385,-0.3018507585882578,0.23034526347282341
0.13956606601820667,-0.33024820612950434,0.24670357717769603
0.2856245491069334,-0.2975417817617442,0.4046961084245404
0.018196562381816918,-0.26951605819434055,0.2502172599046537
-0.36308748460232987,-0.1531552447677586,0.2861098485577381
-0.29723145848101734,-0.0787098438604468,0.3676894025213058
-0.36249913222447594,-0.1369393097192287,0.23044405985423766
-0.05825334967424857,-0.231318617559378,0.25235425842913556
-0.08711633224826565,-0.24062060350856448,0.21490171781480943
0.3773866133257743,-0.37674367610947895,0.18182919510584528
-0.027768305864322454,-0.29136148117256616,0.17537990053445135
0.19029434799110478,-0.3030592798526131,0.28826874545713127
0.49674761015411006,-0.4425175388526567,0.28418408237374104
-0.0030869599753387874,-0.27594385896451634,0.5008409074343336
0.10632163894197005,-0.3265443701967929,0.19510333870694993
-0.1325466594705927,-0.192730654870659,0.2608212523128778
-0.24913527978355438,-0.17586239406983553,0.297722815850611
-0.5758233154903564,-0.07100467393587143,0.44567532105122865
-0.41297137166478093,-0.09365391796490091,0.27953420346303964
0.16080897721075696,-0.3286297498368873,0.23197716262563078
0.031983094834708375,-0.3058975149769477,0.20091565861334396
0.08798285391530052,-0.2646435482132177,0.19411271569705596
0.37807044275185797,-0.4167311131428441,0.22162446678126307
-0.021826514299180713,-0.2522296468371652,0.20985706631491308
-0.16062997403970758,-0.2423093384298562,0.21405563814301287
-0.09358701165790093,-0.21955175757129594,0.2504443423174053
-0.7006509461181316,-0.07351493897465729,0.25639745406987824
-0.13059237130999435,-0.22444744238411454,0.286663342679788
-0.48066203363820537,-0.13233009090601047,0.32723431729443886
-0.10553016241538475,-0.2330105121754683,0.3865600282299144
0.23296210220103103,-0.354914936293175,0.22646348825570417
0.3016369902109181,-0.3749919087121112,0.22652796131905908
-0.16296735031176202,-0.11875335805900593,0.3767812640432666
-0.3152628002306774,-0.1407933679175063,0.21626056944091188
-0.11572900227860594,-0.24861329961628306,0.2121346507324241
-0.22953607781407387,-0.18959521490468062,0.3598947469062186
-0.6605815114691282,-0.06492700323203232,0.27428232049189627
-0.720436741211932,-0.039079456433958895,0.31078215156803707
-0.5939377494929037,-0.11166866995489136,0.3088748250400188
-0.3450049359263753,-0.1253565949658008,0.2909778508200393
-0.796283305034872,-0.0026245009464135995,0.4367417890180042
-1.1261922320133813,0.039639879383913765,0.7233260833047909
0.04904328734659888,-0.23253306667935913,0.45023504626649496
0.085349549397751,-0.3341828982641248,0.3146226117850933
-0.054778301538234195,-0.2719089984998662,0.2622770927373431
-0.17482597940734024,-0.23742309189909724,0.349263657325626
0.19857633541590092,-0.3486015190109573,0.19698270417547903
0.47202394862636865,-0.43319031934826696,0.22297737247724464
0.5516491598861822,-0.4651939764730133,0.2964967917899995
0.3795330911020125,-0.4197867049483548,0.18924934693697087
0.08915390501686543,-0.40446506102352486,0.42173686706525215
-0.2994740860454259,-0.2129905370315703,0.23830647008940134
-0.04568807789163968,-0.2758863169928105,0.23197806695005804
-0.4380808930976763,-0.10520288827736969,0.32923893237960117
-0.20536282137338988,-0.22524950078727685,0.4288585367803423
-0.6826035005214869,-0.04224708522988878,0.256699742140857
-0.18093178423421236,-0.19205822431412242,0.29997379507227295
0.2086226600575891,-0.35049943381212495,0.26046421751578935
0.03375510791281443,-0.2717361713064573,0.1607643087554783
-0.05567584679212617,-0.26247052608789756,0.26347667722578494
-0.024957480833362692,-0.2554959067960757,0.18319530382216165
-0.05755837272827828,-0.2416580523758952,0.23605011684290464
0.32219121125391625,-0.4065964377175366,0.25540863930551694
0.16187618158671763,-0.36488743002198565,0.21317583526498882
-0.12381711055978331,-0.20516045242896874,0.2786129436177664
-0.46880910835632766,-0.12530513608358915,0.32922281853451246
-0.28881673566285027,-0.16196531006772863,0.280212060889246
-0.2523602773043042,-0.1807723084488154,0.22971665896702687
0.16635183931582959,-0.3132383885577242,0.29356247752792697
0.16973967731183093,-0.30450304292312147,0.26357354079902007
-0.5328829829285058,-0.11422015726529136,0.3227197577585225
0.2520824805854931,-0.34539369636723116,0.27378894806989656
0.14352325225119636,-0.32385898076532726,0.17682679545659966
0.2621703499396036,-0.36921838583766653,0.2004684508072992
0.4518686894089913,-0.3775663289697752,0.9713928688775192
0.9469408367696416,-0.589919225347004,0.7237951726295513
0.22646957529467282,-0.3448754723889657,0.3043862946019984
0.20973442938002954,-0.3509733635908751,0.32107906200046576
0.6671151741092821,-0.48799499516274364,0.3928964192768996
0.7114352963651467,-0.5522922529894128,0.2899843257734866
0.41001588939262146,-0.4713018601079473,0.3907753241212155
0.17410173994743297,-0.3255396292881696,0.24281995034104042
-0.042894951640277776,-0.25289874893028763,0.1669125623840264
0.20314662388275917,-0.36575076944645146,0.3788574950536371
0.08552289655811596,-0.2732543659957474,0.20299989776734373
0.22846391851693193,-0.2914989638188741,0.2349405690629561
0.6662935328832584,-0.43230086185819855,0.3241154252904999
0.34659172678866373,-0.35673714172311866,0.2877192984669314
0.18845281341444686,-0.3552697937870155,0.2693370113811513
-0.07212559369124479,-0.2367847216755867,0.19878000561968073
-0.3018207793213563,-0.20052452530065518,0.303200625161113
-0.6337091777146894,-0.033680567394484086,0.35500051387225395
-0.018307072707433925,-0.2506493735735565,0.21170237161299166
-0.032166151226606654,-0.24832784719087447,0.21780921817429721
-0.021055940961174874,-0.2687627051712783,0.24324340575580708
-0.08897976190303754,-0.2964763777597755,0.27806398449887615
-0.198854403227989,-0.19741171413526323,0.2809469273333477
0.07556656664696583,-0.2730341625552696,0.22489227634269127
0.046463468769233414,-0.27512544041016246,0.2182200866931408
-0.22607891807791994,-0.20046197542328328,0.28923198330294686
-0.20638437547339727,-0.21854576548788499,0.23433625927018337
-0.636180974627207,-0.08451480521356097,0.4262117230718361
-0.17321095288060973,-0.21333110366696806,0.2158637905444295
0.477226290942235,-0.41161891671736334,0.1741382470124065
0.03641921231600223,-0.33712720510196337,0.26034816598596466
0.19462003075428938,-0.28824351682121013,0.4536592759672706
-0.36944020760264723,-0.16649633727147337,0.23046776929540447
-0.5675284588372582,-0.0984185641020172,0.3057936519827369
-0.9956567698754041,0.023136953542214726,0.28862593621186955
-1.0711712432918434,0.09951116353301089,0.4218978018762238
-0.5568752989669469,-0.12811212578396722,0.31729451796544084
-0.5255878233533684,-0.07068945543880611,0.3225234092741158
-0.8842478171507663,0.04919064103853271,0.42922466584101454
-0.3833761384672749,-0.1619340577208837,0.26994831821996246
-0.014029871873800701,-0.26788074862635647,0.29156644371086693
-0.22501565076019375,-0.22450398974316832,0.25935446566343523
0.35337530904140924,-0.3770825762203937,0.2879490724203635
0.46674735565772807,-0.4142526565488116,0.2743978530418704
0.25337710731477514,-0.39885045152401094,0.21335534593498115
0.08947268682345524,-0.3301973283189567,0.18604772651267304
-0.17379180353478102,-0.18891875373461708,0.36873327591567057
-0.03167414463126302,-0.26833291423875966,0.2107189882616273
0.003662730994094407,-0.314647060948359,0.41231835818138546
0.361392935013071,-0.38107670644226155,0.20286008194781316
0.29272246586873363,-0.3732447204184262,0.1847077205457194
-0.22791920662654158,-0.20088264590974808,0.2405755825440822
0.26112304899100386,-0.3712833752424755,0.22018701521620324
0.01198980341630625,-0.2804165987926542,0.3033487515314544
0.16088815660983696,-0.3640961847606269,0.32062769433924243
0.337917850404325,-0.40231737957751335,0.2299856223950752
1.1801485807750445,-0.6112316244260457,0.5735045546512867
0.005103718216109037,-0.2847987103966679,0.24673427429879474
0.022452613086930612,-0.344664992773108,0.2801504285687424
0.0858489893658913,-0.34526396052843966,0.2487413818524815
-0.3997449811219711,-0.18091177671638412,0.2795764157330643
-0.6831040579456145,-0.03213760187994028,0.21958181661578652
-0.2869077634551927,-0.14610595280148161,0.32927596240176105
0.3981656594884725,-0.39754908467572597,0.3293693895324421
-0.010096281120689277,-0.29923908064287846,0.30667623462374055
-0.2625151010956949,-0.18494651971310794,0.28054434374723514
-0.16179108253655028,-0.20708669040824665,0.20755184483919725
-0.07761779753178225,-0.22185730213846996,0.1986981254889389
-0.17574428855555474,-0.21192675299653693,0.3124920609642771
-0.3240604823853378,-0.14586912011636255,0.18830243546519598
-0.026125453388607,-0.25957854143377007,0.20152612593246724
-0.13417723763920333,-0.23305292942705813,0.3242192039067299
0.018051310409056665,-0.3054118530902546,0.24540868899607543
0.24242766294284054,-0.3810171485040476,0.3020437168496578
-0.26345522192142246,-0.2201730187657703,0.24275240045891472
-0.6606891445812282,-0.05994735388465577,0.28859312961497396
0.11300771947962494,-0.2645867834194391,0.23072802801278292
0.03157268037387866,-0.27093741316629927,0.23669618209212517
-0.07595846313124964,-0.2503495856785975,0.2009050738291241
0.3580126366465831,-0.4026655142983928,0.29924341517961234
0.6504551775535308,-0.47121920047424554,0.28173122509780646
0.2508437250385249,-0.3562925979424491,0.34352357115646615
0.12037358086816669,-0.32473735223240313,0.1870986152865457
-0.048151826157951404,-0.27033433466598134,0.2019516336308065
-0.18050582025711728,-0.18368494662448442,0.259970086051032
-0.15035126039684635,-0.23093249181728887,0.2920280173875093
-0.6352240361534542,-0.1002888161227422,0.24311967349645894
-0.7416555737881007,-0.04728730692425996,0.30769266026384073
-0.10590584616287696,-0.181529471200908,0.3159549460565283
0.19596493018082675,-0.27213047011183455,0.2722367641420268
0.21455728179891012,-0.3603799799055502,0.2589941106661201
0.1422011400717787,-0.3144553162950127,0.17871960595735153
-0.09284663671278497,-0.22194125857916497,0.2117062318578716
-0.2397529064488289,-0.2169957612581719,0.1992938250071524
0.022173008794834782,-0.2763283550915139,0.29755206546686513
0.11406182840483386,-0.2831553268235945,0.2523077859322056
-0.12084900840804749,-0.2428554787697268,0.242207702445601
0.0044130392511994715,-0.30082102127615334,0.19704539989241746
0.1937638633642163,-0.3272232595943877,0.24796523270688509
-0.020426785254314406,-0.25603849976511345,0.19905404730073722
-0.0015075599515685734,-0.27624091285566343,0.21969397809639965
-0.39598241879394797,-0.10571677872301177,0.298927645906943
-0.20478366359616357,-0.21980278761348374,0.3045840137192637
0.0779983710564996,-0.3218660098046609,0.2570869810371504
0.02743364863341973,-0.30166360337444237,0.2377704473329842
-0.4400296751921509,-0.08638956566823484,0.47600903555466145
-0.08519005209453805,-0.24887623043114956,0.20727781874594575
0.08160295708985588,-0.3055550319055038,0.25532695165655794
0.04433626112879531,-0.31502188308393025,0.1904579274313309
-0.236122054284288,-0.18938115692989588,0.19841563011811017
-0.15173231419468702,-0.24082426404294005,0.2547935201426945
-0.20445428913157315,-0.24944823803487942,0.3183423696208604
-0.14245345637917922,-0.17013514090941423,0.302758523218691
0.0721125338874356,-0.29178455933621833,0.22773546448734341
-0.09270048659767924,-0.24400453561885774,0.2068496358515296
-0.09462558618391699,-0.2576799354515164,0.2930397485096653
0.20019446667434115,-0.3004277074251713,0.3254585314838093
-0.041265579340831325,-0.2827548818391547,0.17744134355529279
-0.4577166842171222,-0.1267462217491432,0.2642004032541452
-0.16030240452735475,-0.15701491701618134,0.2847876374199782
0.269111100110848,-0.3882182992613507,0.23296959207906637
-0.3434054048344734,-0.15503335120277095,0.20871365088767274
0.07665694867003689,-0.2775807556067047,0.24174791467613949
-0.09246358954467193,-0.20961115309972198,0.22234136242122865
-0.1571429454347382,-0.1745050938666968,0.24788113419809632
-0.5836865994703353,-0.08689007707620064,0.2542826072600435
-0.3505387622943612,-0.1639307101803646,0.2794598574709303
0.11224078371903176,-0.31549322544823033,0.20696056396970547
-0.2820425779391438,-0.1710607615937861,0.18364230330733478
-0.014402993326596808,-0.2384996606417661,0.33772734368432933
-0.7191573455378604,-0.040471702058243644,0.35710103312479163
-0.5855291663190706,-0.09332497225060271,0.24400589112855503
-0.3041649111840843,-0.17986610757132587,0.2877990859876221
-0.16334775001783236,-0.19391508044431102,0.3294323478222258
0.0514936051783664,-0.2692633115189151,0.2245801820024156
0.005798001629969678,-0.2713327438441537,0.21923348585666058
-0.07719976359424484,-0.22701096185537678,0.17700537009378003
-0.16176400128049906,-0.24393681426529848,0.24489835021981377
-0.5329012920464299,-0.12506585387225294,0.2598393632142786
-0.20129904055367115,-0.18048784228983591,0.2155309503538999
-0.11888405115467518,-0.2871039782098883,0.3461305355087159
-0.06995791561290714,-0.2606809579770464,0.27380033701518064
-0.013554687833161216,-0.29733760082574173,0.33499151448797604
-0.020043304701626782,-0.25404208197960526,0.27016358864299184
-0.15988100006341072,-0.261686075613252,0.22234787835790104
-0.06847107789717775,-0.2507971439187069,0.22144335062096593
-0.316661681669833,-0.1887999199626954,0.19617912395878584
-0.2382167852740359,-0.16840559244149741,0.2770855585169863
-0.11857933807323509,-0.2438083184282046,0.2559715932904896
-0.2576640385058317,-0.1913908968367518,0.19524868815760657
-0.24269894940509118,-0.2183992428354223,0.41812597853544387
-0.03753858527315633,-0.2587973326153873,0.30427570528590786
-0.5085136217713284,-0.1053691171023895,0.30189459173379873
-0.12294604175453083,-0.2621388381377361,0.22937239763458295
-0.06498690222603978,-0.22998588844840914,0.19772123281794596
-0.08959425255783006,-0.29586168106673694,0.2631166102408863
0.18327236083234025,-0.3231596292100171,0.2779028427628141
-0.07932028096577823,-0.2295754850699687,0.26752240491486534
-0.09579047801222948,-0.25500653428986675,0.21698546156360377
0.025522274103580433,-0.24720007891165724,0.31965108087725846
-0.08054025706180637,-0.29117790473733657,0.3831317267832561
-0.18298440022732343,-0.23316244727753097,0.29456424442562823
-0.608763574228558,-0.07628566256565562,0.2912567555870348
0.07908773660991443,-0.3252121018401942,0.24956808217934356
0.18479252635472632,-0.35007333358890524,0.23386592942401455
0.24149761619521992,-0.32462753993345633,0.2865503344600851
-0.27708782294254763,-0.18185441899838448,0.35487659651855025
-0.09053483844424813,-0.25168076762491426,0.22264707026239197
-0.3490982972422742,-0.1494517354982187,0.2654040719803057
-0.4839108983594787,-0.10276302106021881,0.22981892499549456
0.11362020213206227,-0.2684590059172226,0.24493982001574532
0.02948451893161446,-0.27907454180439195,0.23687419902672854
0.11359535447992959,-0.2886976016559831,0.20632758739932816
0.30785050262328567,-0.38515257177447204,0.1783151617478892
0.1406524206612634,-0.3424118993887007,0.22133181590884926
0.549165489357185,-0.42063342548514526,0.43714388371034385
0.9964203494923837,-0.6470534507160415,0.3217503135411216
0.005141677133759515,-0.35790466149384614,0.4029264031966745
-0.05079778181815957,-0.28261749896693,0.2522463936112861
0.45719285802876614,-0.42349495802462495,0.25444728107198417
0.5749915177538589,-0.45098468530928276,0.3649878232678361
0.5385064877765793,-0.44761096414994916,0.22081098077196593
0.2775764188538514,-0.3208228703298955,0.23119535656058382
0.2758693971765603,-0.34315005005840943,0.3672584955503103
0.4192619905639705,-0.4494950047739863,0.24840583888939222
0.14716601735331014,-0.3227889270205437,0.3188054339830041
0.20181000810971286,-0.32807934325302496,0.22507843740518635
0.4406510427609257,-0.3959426532542134,0.23008074342859483
0.30910993089038097,-0.34152676778847585,0.2817632069566278
0.2272570422974902,-0.35584174260503243,0.25482602985200353
0.32971857535135607,-0.3695489048621961,0.31895143075674215
0.14827165655087177,-0.2704761915480535,0.16508010701548298
-0.22571533570727223,-0.1996383061601339,0.21432281864859631
0.06654380406321397,-0.25950119794197224,0.2393253771385149
0.9475941502198766,-0.5477958699224763,0.5338519169808236
0.41839124753628465,-0.4490986663342411,0.2810914153135242
0.347937849332049,-0.39127326213796104,0.25025872133786325
0.6877011095609549,-0.5069983766315801,0.2436073104460628
0.2845496291720978,-0.3681259520653335,0.35502842649371896
0.6224126096378126,-0.5020140157785912,0.21559152762571668
-0.042578002163716606,-0.2557337072794027,0.36020060832171474
-0.6276386508303555,-0.10421823851486663,0.27699850880875654
-0.25285329358471004,-0.18084369362809885,0.20786248734938934
-0.32466083487734976,-0.17461132756681874,0.2609239723378408
0.11161405405708685,-0.2578255513701312,0.28304812203869756
-0.34939252921765473,-0.18751773768826044,0.2921615405241043
-0.1637488313781096,-0.2537414611737977,0.37511944055613194
-0.27804696412054075,-0.16732594266729559,0.24155386306293197
-0.1381621790702444,-0.22729657483850374,0.3175372052201965
-0.053372843817909715,-0.2780904995055871,0.20676605410993865
-0.11822503671432424,-0.21744560223841752,0.29794892685655805
-0.5623318758985096,-0.12120622139607436,0.22614241373306312
-0.6781591801294568,-0.02170965937278105,0.307360297513793
-0.5098322720687124,-0.10577890173182702,0.26491351352457004
-0.47877662880326344,-0.13735542950510485,0.21811766726898166
-0.3887217612037436,-0.13950265061293532,0.22430052027673333
-0.29914245985417864,-0.18021815639735533,0.297802005805069
0.5196754590744003,-0.4094432604201743,0.35392376605961673
0.8714964607019011,-0.5283604629321118,0.3320251089190976
0.4171710511799428,-0.4497925683921603,0.2664563307066482
0.05216776247223646,-0.2817683681367361,0.21950073871787196
-0.02794029042665466,-0.26437953428024097,0.28569153580267126
-0.19089864265809994,-0.22307406739931449,0.2362047842139403
0.1545834124279423,-0.34173009480538347,0.27594453475045977
0.10981563603499689,-0.26399086455747905,0.32697274116695507
-0.18385236249049852,-0.18785476595177963,0.26910356041950334
-0.4323220389677869,-0.11249488072785525,0.32941383512796385
-0.5704558555238067,-0.10927789905036832,0.3745834348316033
-0.38921495541944046,-0.13302833017707463,0.2841893188747545
-0.39820072846254595,-0.09196894432062576,0.33208234023914585
-0.5756520617079103,-0.082304175700582,0.2657159770954425
0.0430517253375827,-0.24938936728469618,0.3066494195789917
0.14163002391249455,-0.29345740289245414,0.3308767863856279
0.03742404470818275,-0.23531953917976245,0.20396240627401743
-0.6976886045133502,-0.03347730030080015,0.22650975893488848
-0.5153769352111206,-0.10797593016773188,0.25455608183534334
-0.6015174620048841,-0.0600973718149245,0.1933031421561583
0.08113940768286701,-0.35087272467744157,0.24013822823791564
0.30783004030906036,-0.3917434172160332,0.21836070745226158
0.4716857851437091,-0.43908335785795527,0.35795036702651695
0.09441158338744225,-0.3023121170769124,0.2315633445645946
-0.04423060965548578,-0.25318888504976766,0.23848742931198447
-0.1810283472103896,-0.20817835880356625,0.24636832808646947
0.020637190073414417,-0.27713830839765763,0.20216467581464828
-0.14236051532886781,-0.22413701208079578,0.33024463098389745
0.19001664774025617,-0.3207470133540833,0.26411304391949675
-0.0617862990793144,-0.2696187516620335,0.29220056056215343
0.22623941692669577,-0.3414325967018126,0.3010140143333033
0.1342473470265253,-0.32580128806729447,0.19856488544491607
0.31464900232728327,-0.3700826401148233,0.24888285781262737
0.17343050585170142,-0.30583879756878396,0.2469871263649337
-0.322528494003116,-0.21316813198055676,0.3099928508994536
-0.26471772852435854,-0.20327980099154533,0.2987374183932756
-0.030849150181296206,-0.2550881088754374,0.2634636415852948
-0.20246501570423026,-0.21867938073778123,0.23407785452852248
-0.3159687365770419,-0.16386719000311234,0.23458410088953635
-0.25089450983273465,-0.1921228105280898,0.27959363154755296
-0.4506714037980375,-0.16019679060935618,0.28469686265252536
-0.6117160935980517,-0.08739683774030932,0.31324460045765923
0.15322297761996082,-0.314338494257351,0.20778700100791503
-0.12851034249800147,-0.19236976205897707,0.3079591358313469
0.11469602761587741,-0.3316862491325709,0.3750077447659301
0.13570013407931247,-0.3149067616923423,0.1851618771096559
0.12186628793998368,-0.32954689399820986,0.1973457211969099
-0.001022815654824219,-0.2604960752898624,0.19363015362321764
0.17719328022699157,-0.32977675341541346,0.3231860036800177
-0.2623917874788274,-0.22781013569894065,0.2518542285045237
-0.027782541731297183,-0.2930006729393021,0.20873293994255798
-0.33596770589645064,-0.14098354195034907,0.2083505859564006
-0.34876130347239587,-0.15066475807981006,0.2181951056750232
-0.22665922413245118,-0.2216933916085768,0.318652883964031
-0.7808731366160084,-0.04422654218622686,0.6006072244287208
-0.8085416746100861,-0.003938393447791982,0.30860298435895794
-0.5872283651412049,-0.07320127665669274,0.2529276449510185
-0.3699036495479253,-0.18847057735919323,0.25923201732393586
-0.31985526078245186,-0.188054426281213,0.2831959794062295
-0.1538930371390008,-0.20330476012052662,0.2063601673540508
0.14365504612018523,-0.30249294366340257,0.20507150969586335
0.16657082977450607,-0.3255393439211452,0.32455637163170203
-0.08313265818638894,-0.21317596890125784,0.23816163358122044
-0.24840049500367412,-0.20193798354319498,0.1759413694656351
-0.41840658574526457,-0.08228791260714186,0.6493749554859639
-0.6703194556053884,-0.07665050172860431,0.22498726042954575
-0.5835312871178544,-0.08041154256715466,0.28428048899441416
-0.39367584844693065,-0.13047881236896125,0.23290581087092052
-0.2900717803977919,-0.1993232197817829,0.21919897808765662
0.11563862124444843,-0.29934076718429214,0.2581508631226661
8.02061376418195e-4,-0.2933055466005829,0.17715107095395533
-0.10060713272542006,-0.27681252630005515,0.23398989970999154
0.149655111284577,-0.33919241999021305,0.2013161257797233
0.11442584940349496,-0.33254745960347065,0.27041408514054527
-0.22305532725170274,-0.2262616971813319,0.26744460572592366
-0.490025183086077,-0.10250584284246776,0.3127483861863943
-0.3564151993825637,-0.15397906750328844,0.19766344927591656
-0.19456996932402523,-0.22946373585517776,0.2739415710222018
0.03779021954508813,-0.3149812542286973,0.3172153773381532
-0.5259929219213203,-0.09122463140759846,0.29854865567011996
-0.13297490158816155,-0.24824178250864076,0.2980651151345152
-0.3407130528256884,-0.07111114203698198,0.3649111387537149
-0.3531276607235234,-0.1108248829982975,0.27030267602173796
-0.04840012973907035,-0.2289682718766557,0.2950190377657856
0.40783609340963073,-0.4105545917508584,0.30492570709918965
0.164939215612578,-0.32163984732866713,0.22588337111237267
0.35349522662315785,-0.3698571401238397,0.2403349517349418
0.5202903708686926,-0.483060941337325,0.2631111476221235
-0.03525717221187293,-0.2608206512478958,0.24235157482771824
0.4352634564320793,-0.37985322406933036,0.26263566969691154
0.07480061978428673,-0.28124752336102776,0.3312588021863626
0.33697805868656006,-0.3339919714266485,0.3093102346840134
0.2578727923810974,-0.3910468699217043,0.24703814490890696
0.9532101268240953,-0.5165489966211614,0.47360337837726385
0.29379580461834365,-0.3421545008849973,0.2635456805680565
-0.026133700177099282,-0.28323444583130536,0.16698397440718254
-0.2992123491436275,-0.18421974281908773,0.2458734933245521
-0.3018927388063925,-0.1277899192716525,0.33904369198886475
-0.24439938980885906,-0.22629050390305885,0.32322526912878907
0.21142741003322202,-0.3076515454665119,0.20563817814384627
-0.4250112136088028,-0.12773687715237864,0.1853375826606305
-0.1955089478394819,-0.17338419359239954,0.2903028424228521
-0.15904197643183388,-0.2025687087188827,0.2394602209461258
-0.2037356692910404,-0.24007812864182201,0.26046874892628247
0.3659282176225171,-0.3967523345937553,0.3415258892470303
-0.42466444495808925,-0.12304555340598411,0.27536358696645996
-0.2695900704105147,-0.14863677289988678,0.22552720595054093
-0.08250826631246024,-0.279952497872446,0.4058137384596206
-0.6686458150574361,-0.0192765522816896,0.32025673861981296
-0.5904794138157918,-0.014578950379637728,0.34963395978636735
-0.04433604658362297,-0.25748438131394935,0.24477097057144498
-0.08427136639671955,-0.2516679846257929,0.177689993835847
-0.05043965308572547,-0.2428252192674651,0.2035052399776914
0.2081498042874617,-0.34465257958330425,0.3167381371993657
0.5300434415938182,-0.48226383662299505,0.3023409995560661
0.6140932298333064,-0.46535072030176883,0.3662377407333107
-0.024396311676490284,-0.2193784663923228,0.337613849148945
-0.23697475216734945,-0.23460466976520855,0.27428066958584724
-0.3243508757364181,-0.1668003808605802,0.2534167680940437
-0.045831437383039964,-0.2860199945286336,0.20501666931169366
-0.1097225939774027,-0.24383399335733388,0.16969232299514128
0.183553220742344,-0.32823975857267984,0.2356198461955752
0.2533683227004112,-0.3523012733417851,0.32295834399957074
0.3158550271783037,-0.38772402840403547,0.22530654774983405
0.1310994265794186,-0.26548633292346635,0.3014347985409209
-0.07859829711500022,-0.2608422127820443,0.25162003342467165
0.19091830070813587,-0.3833035734474334,0.2043624241313271
0.20259415564479097,-0.38214101001430717,0.4290362551669087
-0.15428389161474898,-0.23813600629864012,0.2811408415057463
-0.04774853605541243,-0.251365730284227,0.24548376697625418
-0.39398157194683753,-0.15241423956629124,0.24368495546279528
0.025173301797130752,-0.2887885406385879,0.18686378403546539
0.15840375742508422,-0.31405963902730666,0.18904132620495667
-0.036265626005520496,-0.2399678998145362,0.17918918128318137
-0.17411362506839975,-0.22617849380652233,0.2714962782507137
-0.002646394867671986,-0.2310660090173675,0.2976899156737568
-0.0681298949757892,-0.2500223155387187,0.273774242616588
-0.09990031913715937,-0.23949518703778727,0.19448555497316222
0.09585370113062816,-0.3044248511924408,0.26734047596856186
0.5380877057874525,-0.42972547665356653,0.27985730319957436
0.6741046624871708,-0.5874365897071343,0.4855575423353047
-0.0807024457974651,-0.2603987879189536,0.25591291152090156
-0.1522546854124226,-0.25324952317337224,0.31878765558054245
-0.09401256420262293,-0.23439726100787964,0.1835027121488965
-0.45378153502169,-0.14079539983942707,0.3388841744010036
-0.7805593390624465,-0.038826030063950724,0.3569579984754358
-0.6866395895053552,-0.057455846412592625,0.3459643017958677
-0.6514764688084559,-0.07241357642520764,0.29059945267603243
-0.6770396141684566,0.0037665683521334904,0.5702504255655529
-0.3867299256071693,-0.18833616060366437,0.3084027353005143
-0.5922480096566644,-0.06385387632899395,0.3095325488604255
-0.6561810054404857,-0.0546596358204786,0.27858324669614287
-0.23559322264535604,-0.1896556125566509,0.31198646320780354
0.010353737478327074,-0.2509748297012114,0.2110064639355864
0.1393505502794205,-0.3669588608167356,0.232859562094287
0.18146158290524872,-0.31912230705026545,0.23587090249171064
0.43460413050262964,-0.4174313831283455,0.31624394468686934
-0.2491751150734391,-0.1747218522569408,0.29208793177493064
0.15456482066618812,-0.3358427148214801,0.2447496846347782
0.21399677415400134,-0.32654221210689505,0.2972958782481135
0.2409055021310606,-0.3973091571143858,0.2565254121075189
-0.20104193557915145,-0.18762948959454512,0.21722570938891037
-0.10393016971806363,-0.22763945749477574,0.2656451164158331
0.005886688987281549,-0.25245572006434247,0.21064639890335465
0.27575812465263133,-0.3403827843785047,0.2767058701404561
0.7559170830621262,-0.562822591895044,0.3087967644497492
0.1290436410629732,-0.3145460436940034,0.2090386681503889
-0.23218629953164815,-0.18163317252398248,0.17537143860861065
0.2776838069260533,-0.36581853710338674,0.3534502829359297
0.04838145958334572,-0.24564602984919268,0.26268958848165297
-1.061051205846762,0.0895374529942386,0.366729635146248
-0.6646138253701179,-0.05173763832132609,0.25528970031666454
-0.3749024089908829,-0.17350246364457703,0.2756610909695612
-0.27116671403463877,-0.17156755268991386,0.22777097305396476
-0.44095363871696425,-0.11589572515069697,0.23954479829278233
0.007461625719536846,-0.22165199265316962,0.24683562736613912
0.3219281382712403,-0.38213019460210323,0.25619950622340465
0.03921205984585802,-0.2859749661742389,0.210459250259098
-0.10514590429911173,-0.23954984668267704,0.2300953021566717
-0.5037804004863609,-0.11492273317184395,0.35383193713922956
-0.05546247908031736,-0.24936866860722404,0.2036770888203696
-0.0626744810576646,-0.23607762852768402,0.22260987253579131
-0.003165438400705503,-0.29137176997223846,0.34831882156926947
-0.1219399186340181,-0.25965861185465056,0.3161941958604356
-0.206070557723251,-0.17929014079875685,0.23800300950217484
0.20964476761913048,-0.32289057753542094,0.18483962612485183
0.42177541616902803,-0.39754449290155275,0.21312492166910801
0.07560475970054231,-0.28297136635760656,0.24361562552160362
-0.12268250245350475,-0.25336019641627594,0.2431353148094162
-0.5405176475657378,-0.07763419005532832,0.29563589591247974
-0.3056289452052788,-0.17971576155685332,0.3110214351826745
-0.17933991160023213,-0.22823255027275757,0.3124372305158919
-0.10556140972888337,-0.24995783417548476,0.22348996973437968
-0.3743729381999476,-0.18141603497535444,0.3358795940017957
-0.15892843694269532,-0.2421936173557059,0.24085510242662778
0.39849234926912724,-0.3427321507006838,0.26998844036112274
-0.034707752653985,-0.25206143272555015,0.25755564660647023
-0.20889657626593988,-0.14970274520072283,0.2024278297235918
-0.04442911315406875,-0.2666493621030502,0.19800438088043645
0.0023367204425410876,-0.2716625800217437,0.259664866790122
-0.0626933734363974,-0.262798321099012,0.2001448829005123
0.019294293245079835,-0.28877240152095063,0.22170822305855636
0.22878729404155207,-0.3650342834089059,0.33692470015794607
0.4034995358789505,-0.40967136064185616,0.3136248143900454
0.3270938467589234,-0.36872771262239745,0.3035217599429527
0.1705417586866496,-0.32212476102852505,0.2826127454645362
0.012363383096841787,-0.2876611684858129,0.2431463646984563
-0.06060460232318858,-0.2441728697938907,0.19353416514253116
0.288442801430737,-0.3717554855012854,0.23697868737441036
-0.05104083785227747,-0.29365705126824493,0.2410597805051142
-0.009455188217518885,-0.2687749966608592,0.30253166109754825
0.018673790692618875,-0.25736767207346273,0.16013586528052093
0.13191109345025895,-0.35169762755119965,0.250797952515923
0.020614467644797158,-0.2934262435345856,0.44458029659931514
-0.19918312447164452,-0.19950106110236687,0.181358612130752
-0.10487389047488876,-0.25504729488792643,0.20372386850137827
-0.025857030237021725,-0.2481953810184905,0.22236578525636602
-0.10074146659370242,-0.2516146268745001,0.23534375364475066
-0.23959676598826407,-0.1845993081433589,0.2717860410269636
-0.23685784658332668,-0.13163049214348282,0.30390557116743716
0.026409664806779202,-0.2885144832571108,0.20662610500236014
-0.11888308933433642,-0.23616851387493976,0.23082880882308215
-0.2948068715161487,-0.16820540336484963,0.29274963498509
-0.13179304807951464,-0.2513396685282064,0.32222960320318284
-0.3330061541385028,-0.1668825652900045,0.21362116537387266
-0.43400610180855265,-0.112471810447931,0.31947219285176787
-0.059221349177221314,-0.269484129042922,0.27789802812160147
-0.1442620600138229,-0.2707439721463797,0.270632567177681
-0.2058638795447967,-0.22007557433106245,0.30427204584325673
-0.13442037246292504,-0.2265834321506912,0.2894175226263426
0.06587367884568682,-0.3070198902828032,0.1631405141525484
0.34705444874457203,-0.43026309724972966,0.2153252696264605
-0.03222872650065862,-0.2415667005541407,0.1933382907087828
0.23220191759127126,-0.35693062865966263,0.2922010190637755
-0.06357875851827888,-0.2788710698043785,0.2825350046544335
0.03710633991320368,-0.2690058415820913,0.25201180753486074
0.05395293139896243,-0.3279756278683652,0.23142864453683853
0.199174157517353,-0.36685910021908696,0.32724065539111313
0.30511788315473265,-0.39304005720436963,0.2349516639093802
0.5284171407218753,-0.43712286525503186,0.3092976714233899
0.3936008147529003,-0.3920047080508867,0.27495234357562026
0.026340031466806677,-0.30669670814539085,0.31576217213666524
-0.18957309284372703,-0.2074216503696168,0.20994743598691523
0.02232767388235332,-0.325380818272982,0.2051040855221946
0.042892779223359705,-0.3008414940964118,0.2183194067172884
0.1457935662415482,-0.3428611355505583,0.22842923056515094
-0.0891939836943163,-0.28809238601851217,0.22249048094066776
-0.316316091389863,-0.20817889166404352,0.2788862932542724
-0.6831752848680197,-9.37459502602476e-4,0.312593877162872
-0.576491067048291,-0.08609371176699936,0.4482053670066257
0.12789191356606522,-0.3087516619289978,0.25621902869451957
-0.3809050917477235,-0.1500168284041497,0.1902496175195973
-0.12412120904983186,-0.20453705389532434,0.19169425499384468
0.05306153402592556,-0.33549520605389954,0.2575377934078321
0.18583754884953688,-0.33644308109270415,0.26488780596782646
-0.6504496266423442,-0.030100676615296133,0.21315781089053346
-0.30011896763182944,-0.20186397688256152,0.21465829409492598
-0.5601959524321279,-0.11275350688076333,0.29519909859237836
0.005773535125554504,-0.2740993332839507,0.2686826100010872
-0.13536500471095397,-0.2225947633090183,0.2272613013651474
0.05815438750009716,-0.27082486214366186,0.35105781863552055
-0.14575718518498135,-0.21352276391387312,0.28639602574540346
-0.014006368605316361,-0.2591152290962086,0.31093823077316995
-0.042920855581781936,-0.2846344872611934,0.23306654369821211
0.0313770748803575,-0.27729643921636477,0.22351115071798944
0.3004673466889926,-0.3415695982129229,0.29025972298739267
0.25110575719933403,-0.3678560557212815,0.26041620235276797
-0.24236889550678684,-0.20500225116012025,0.2503132250364556
0.27464516570871406,-0.37154251578588104,0.18374977571396608
0.07893183657447517,-0.3068169345489225,0.2619751131463122
-0.009339259931820528,-0.2728778453378489,0.34629031167209195
0.34868254394724835,-0.4002188003878421,0.32205532641330326
0.35009763730554955,-0.4211298765573638,0.2848044637614629
0.11590603006130215,-0.33130692529433814,0.30999384788837514
0.006606174040577374,-0.29716782874207665,0.23729168477440146
0.4085106919085901,-0.42894039494717984,0.28314143718060825
0.36484876062795135,-0.38194316898235603,0.3960929520458965
0.25077004970274397,-0.35042021626376807,0.2659765633188619
0.2550758533103128,-0.3357426796557866,0.25923560350758
-0.1611636960603714,-0.23390243610531605,0.18518077169514507
0.25583956061037594,-0.3516752564294844,0.19749111075588727
-0.11102059360863448,-0.21521396148184047,0.21575245223832604
0.010793694646098778,-0.22535952117900082,0.2426776871092357
-0.19359416452752687,-0.28028547037348783,0.5100913031117618
0.05688481987146445,-0.29849821440215557,0.23805253431714818
-0.14591068299410637,-0.2910448421331463,0.28196525199282324
-0.8527254418942555,6.7805832516896e-4,0.41504471045002356
-0.23365153599766897,-0.18386553598579322,0.22826583434584072
-0.22273564750273403,-0.19248196564166267,0.19190424617963198
-0.5829978274823576,-0.11609411168255654,0.22785034095411327
-0.022264586132504913,-0.22829382882736732,0.26733025592185644
0.0755280596634694,-0.25493720932491415,0.4278124089568997
-0.49741446063882205,-0.12012715572653149,0.36819069412321526
-0.10829764249842701,-0.263605600132442,0.349217949182243
-0.26917536295508404,-0.1753001856444651,0.20566018997676094
-1.1195806889858695,0.025875773233587356,0.5109686587019282
-0.9915248220779236,0.1600114797529931,0.3620107562708986
-0.4781978889612311,-0.12483423324420262,0.2779328315097987
-0.16256426177440997,-0.2042734781303731,0.22207436622198182
-0.02718683129477954,-0.26248378915392606,0.34587918473273205
-0.2605654206928262,-0.22385486959405104,0.30363055720051
0.23976781383423798,-0.3735122591115708,0.2405042898691765
0.3168018105435271,-0.3916512656466263,0.21192960634890148
0.2958612642980404,-0.3906560474378158,0.1467993180756161
0.17722847924459634,-0.3158620278675382,0.20302611688143177
0.24923515783444822,-0.3517575533593805,0.31362842528651014
0.49153666862799994,-0.47618293810841955,0.29334743511282496
-0.41377432966755134,-0.19322092886578554,0.27509895338662593
-0.02177992256480492,-0.22917090832561557,0.2663244590240596
-0.13570974801769936,-0.25631729320779884,0.29822686173736657
-0.3289166883950526,-0.18790257516828385,0.28999384885037527
0.009356564910425802,-0.2444912778150492,0.24419585835862254
0.16579932875447562,-0.3253799109518548,0.19290852783703366
0.28233836299528414,-0.41445803079715354,0.28971646555741765
0.286593602351266,-0.3378504836364392,0.24643085532100512
-0.24448611732803605,-0.24118584584856168,0.338741039723598
0.10102640896006947,-0.2833882046057075,0.3027282039756503
0.2289672033699776,-0.36511704428738717,0.2914268563629344
-0.11079696180620614,-0.23783144346888746,0.3687381089433055
0.08823724946549137,-0.3269705879375682,0.24529409972306035
0.4110394146358387,-0.3802507063962426,0.18705976352154494
0.23936531534537422,-0.3447937901604373,0.2739105390508363
0.08924062927206254,-0.3135980395794033,0.25160707932403115
0.3767411441763423,-0.446605911159755,0.30939413634550916
0.24070567935641535,-0.36484165751580494,0.2284071930240863
-0.18638792714530877,-0.21062425702469514,0.2769495261258022
-0.1535704277962151,-0.20413336035864182,0.3639830458661484
-0.10845536539667229,-0.2472404812947164,0.2301377383791968
-0.08462813575885995,-0.23259807174763542,0.2358856919517014
-0.39309236480922083,-0.1029581150763123,0.31535322678156624
-0.34864779564021275,-0.1660906209453197,0.4237036136400282
-0.19392239361384564,-0.21116229110437076,0.29919359423770087
-0.2688001310914126,-0.19334588997296392,0.33715104348744496
-0.7635900377361792,-0.010489124017936308,0.2044106677573025
-0.6330702821657019,-0.05639221844828887,0.37185873852793916
-0.4887926298696611,-0.08969227227648878,0.35387921173353887
-0.22182338579919236,-0.16921188310893726,0.24662068917537833
-0.025905704403221066,-0.25559428086828545,0.19126239941545947
-0.17089465432754425,-0.23237355503715362,0.21102928862310724
-0.19462789961687832,-0.23362412016005865,0.27883865006511155
0.005132373847287958,-0.22524106453895637,0.30175265073701774
-0.2658671355027066,-0.1379121892125194,0.3449855436212823
-0.09997345133948732,-0.20942823615005007,0.22690723422730869
0.2711056037218462,-0.3607797220329826,0.22873010748132613
-0.20580881876877954,-0.13849816073323581,0.3242150467524628
-0.2308586248262518,-0.22136853796009992,0.2450174037171834
-0.2618067007636912,-0.20581150732356204,0.2549907068771976
-0.45505240338030595,-0.11495596112327153,0.29748078102137093
-0.08155708082213053,-0.29955708531259984,0.28440061381252296
-0.05093932278898941,-0.22905398265989882,0.22412343760252654
-0.1804945164224675,-0.24579105732614936,0.21823795075097613
-0.6065124331699927,-0.08877748918007952,0.21298916401632723
-0.1259067964850234,-0.2190053859922224,0.28827304289722966
-0.36087422980444844,-0.17040162371255577,0.2792570664314869
0.08457351599840571,-0.24744052116252144,0.2821071035422803
0.2808370302104739,-0.38468560974297583,0.3110839248204884
0.112871452180978,-0.2988801430974099,0.23682083516201274
0.13335887714668582,-0.28521786029495966,0.2894409413348793
0.4099202431224013,-0.3946338599421014,0.39742839192823093
0.19357598131246564,-0.3450929170431304,0.18363712657083273
0.22110327170346267,-0.35328430861836996,0.2123511033565363
-0.0273426945297641,-0.2826659843450626,0.2717176536583756
0.3827699009924226,-0.39182354029617905,0.2048855888704142
0.4975730756126362,-0.40494396785610404,0.3299192206541963
0.17961356151506847,-0.3602494144071864,0.29153490058803444
0.38424140674243173,-0.41664098691970763,0.3333898745712946
0.05831063125642228,-0.28807362408886666,0.21064194305289602
-0.017182174125374258,-0.27064829088570513,0.3200102434487076
-0.36609230616086236,-0.194637917800539,0.28941081281777464
-0.12970132555885966,-0.27252847962692817,0.20632312363538038
0.04623803286318251,-0.3157684542974195,0.2316936757301845
0.10476686408877339,-0.31391764997627575,0.22193831568335368
-0.16502206582386442,-0.2275937537199379,0.30970419772553004
-0.11644537318824762,-0.21504861235415562,0.21917475883934545
0.16036800349510183,-0.33807704443439285,0.2460051911975774
0.23836360985173696,-0.3643892661211077,0.20477742101761814
0.5251838948020726,-0.4170757258455175,0.28141145929151345
0.44296888940326173,-0.4114618262480239,0.23228269964952855
0.11483710516809967,-0.34627173915649345,0.38090912495336154
-0.05110635753456957,-0.2599005362744586,0.3707112825662855
0.15960918240539473,-0.3485530271124189,0.2377717545862393
-0.12514438469414624,-0.2524491923104756,0.18664640562995163
0.15766152242626602,-0.3204763117491241,0.30338057152253184
-0.10621334575908936,-0.18813158002281066,0.24925921163185233
-0.055935193999488875,-0.28161101315399656,0.24245814232217278
-0.6265840757730645,-0.061137822860391204,0.24694873785900787
-0.2739653104246773,-0.1989218508504098,0.3338754814546019
-0.08331091415220547,-0.23931994920029412,0.2910565311656609
0.22931804653704785,-0.3576286456596933,0.1589401250208308
0.28462163204127355,-0.3975597404877958,0.22674176448551242
-0.03029469942407993,-0.2824326043859128,0.27059056760901823
0.2700707352718763,-0.3423378939635009,0.3202366345208989
0.14204123763117646,-0.3196128063106619,0.25328712958475574
-0.008000762712964465,-0.266879748018616,0.18688915542249385
-0.11797475476342908,-0.23415473040901627,0.1832564239306099
-0.036440554670177545,-0.27716863626761273,0.31991074821169807
0.18762594090188134,-0.31828045984719455,0.29429255532769294
0.3480001746386579,-0.36969431287056653,0.40432898745890894
0.6475869930844844,-0.48451340531679565,0.2775413269884455
0.7158496885982677,-0.5543500956193592,0.3670296616981047
0.1972569032005002,-0.355533432391292,0.19623898958873687
0.019105783900219678,-0.28596447288073384,0.18534398572991362
-0.11206387537140086,-0.2521594969813655,0.21853919668034538
-0.3402575990879486,-0.19551015409146988,0.2267781149530879
-0.5437571704994131,-0.05202374733880488,0.36231469188334087
-0.20211269272195886,-0.20447381535882783,0.40868276240265844
-0.1126723027637312,-0.2325259339373209,0.23715586457082366
-0.2507950917427843,-0.1783308813626898,0.29744664977867785
-0.38796972517898076,-0.17113648351562352,0.31769589706526713
0.007080300844603482,-0.21291774384116507,0.22314230246818811
-0.4813969341512456,-0.0991315013332079,0.18610425997948304
-0.6117444557523737,-0.06808144300968336,0.22373064714207458
-0.38728443098047205,-0.11407281937955291,0.2328119858690704
0.11756409934305506,-0.294780259802228,0.20680232352909084
0.07734865598682675,-0.3107109840435363,0.16702764778431034
-0.15138837960199808,-0.23232832726307023,0.18140992358518615
-0.18836739468704589,-0.21307676745487888,0.22772184368385676
0.16757019700942893,-0.3108242035927639,0.2557212860155207
0.3972119223888231,-0.40813387146150737,0.3390399283449188
0.08394010246585845,-0.25464307618508686,0.24191013983723836
0.13693513028202564,-0.3241496273429284,0.18908566821347356
0.6654369376809683,-0.4856115059626087,0.27230770206504085
0.35146074162063606,-0.39302886727360214,0.20045385996907025
-0.012247499263821475,-0.2680649965233217,0.20212140140829937
-0.21069440192600117,-0.13011025119876732,0.3811002692377675
0.25980670590292776,-0.3861161249239427,0.292491828539366
0.30771880526534795,-0.412396674616501,0.26749945725877644
-0.0070476270998071355,-0.24762072103806104,0.19167359106392706
-0.08017839614667183,-0.2570763769890945,0.23119075919386514
-0.14550243077230005,-0.2415324386168086,0.33837269937923303
0.019990211338465957,-0.2734922708851602,0.25639157073215896
-0.16556818484854524,-0.25730763293641445,0.22378285567856016
-0.10771155521244295,-0.21590423421847563,0.2524554887096658
-0.3409300466609788,-0.1828215680310352,0.237874261822063
0.01709758660862301,-0.2584085327982431,0.2381429721090379
0.5030393823544741,-0.4405071750066282,0.19063492392962966
0.1348044306174629,-0.34039997288411067,0.3028335111574851
0.07399642089941141,-0.31143059692493413,0.30255112725242095
-0.19696366204554383,-0.20292418862030118,0.4056038221197258
-0.02033747201476181,-0.2742175549357607,0.3542194786781553
-0.09635214202346984,-0.24675219244568436,0.19191916700633027
-0.015510108916763549,-0.29795352966930116,0.2326459947284304
0.41534187029861624,-0.3832555220020931,0.21078469724102306
0.28534985751770653,-0.38515393844394624,0.21218334850154008
0.34198860982832935,-0.3591744860965933,0.2895844192418711
0.3183277005955676,-0.36622794111478313,0.29100250383425075
-0.21391236327683652,-0.19529739226178378,0.31869901313780485
-0.2465194963557224,-0.18932958423359844,0.1885257143578515
-0.011328753315648817,-0.2545316705712055,0.2519079375920084
-0.16559081554065222,-0.2458795746448367,0.2857447532315571
-0.43702412924725154,-0.16531320269260796,0.2588723295105517
-0.1464022368676497,-0.24027067252519255,0.2872340200480435
-0.40970701703201534,-0.12191256112205114,0.2253517947705945
0.3447456327799299,-0.4047022823373596,0.24910081065129874
-0.1374958112929091,-0.2379427981392185,0.262280485773004
0.24659906005220594,-0.36129709460415493,0.30735840784077356
-0.13152464310164233,-0.2847800750925997,0.2254046661201547
0.20631189184552545,-0.35566215718009625,0.2066340890726864
0.431801488835199,-0.4281610288688649,0.26170106306569557
0.5100944465556853,-0.4303213581697159,0.3029937913759579
0.479813339862035,-0.41752089016586563,0.3218623304021373
0.1270651688831319,-0.3689659164873309,0.2076901193288265
0.019208829699399417,-0.27824101192459605,0.21607020101840496
0.25328948686064046,-0.36616186230469205,0.2518018118214103
0.2438032633921514,-0.3474960959831653,0.2918192067042542
0.12770965135068335,-0.3222662267176988,0.24655112630135528
0.34656368728862186,-0.383339676878762,0.23995403334867824
0.09893318065710165,-0.34950174128162814,0.32526054831168094
-0.013539109654146453,-0.2915904310051157,0.1956619423146962
0.19415323941188706,-0.29951855434378394,0.22603858216676834
0.12201202590515556,-0.3100751453127628,0.25306922207657956
0.07900561606769319,-0.309499581777236,0.2941196256711777
-0.36851113043573636,-0.1493568821523992,0.2971793402292328
0.0963841132678129,-0.30727826909375977,0.2305548461554603
0.26130242519021735,-0.38550774413320077,0.20508470140076204
0.4569430816652438,-0.41818514336334983,0.24663170093898662
0.26237444541018645,-0.36968371695123725,0.21941011495692847
0.3433401287481166,-0.36739595368919464,0.25438860704279054
0.027957354014439814,-0.3057082144168807,0.2218657130059798
0.3604420775723622,-0.32981578812114476,0.35838895735243775
0.03015932840123356,-0.3101539115873642,0.3136529852181221
-0.10075555865771009,-0.24063399854196013,0.3711626593339836
-0.28231995028237666,-0.18473885221451072,0.17394554101568954
-0.20952856682529905,-0.1864660122352175,0.29024855660673127
-0.5137248291120908,-0.10413730423238882,0.2754123670190144
-0.5834640173705599,-0.0653585538756824,0.3384890706622731
-0.3488381736659355,-0.11493146880371533,0.27070853231614084
-0.20304303530739984,-0.2192523689423933,0.2001554335219176
-0.13791145517071307,-0.23632504468754006,0.30268719516824555
0.13312230976748737,-0.33900350931790046,0.22469694197490753
0.5992658731659718,-0.45928457371377907,0.3041836067213938
-0.08419311513292507,-0.251079842797193,0.24639517971875782
0.21929949938239035,-0.31650508552132817,0.23246063188205246
0.31454705432898267,-0.4124735171752056,0.20050932400149443
0.4073633476185644,-0.37366032673547045,0.27823607693491614
0.16363217499847466,-0.33718995815677566,0.19081599983884429
-0.010888857554390667,-0.2775738243663227,0.18658952319548083
0.03897665258064582,-0.29746591099410974,0.4400251055247455
-0.2166749290535713,-0.19405840003404465,0.19726796014734044
-0.28531876226294706,-0.20800395426804366,0.23589569178614744
-0.16567715395781024,-0.20658081216359075,0.23176437228403726
-0.08065488951204303,-0.16789040437680483,0.3143802893285736
-0.1496021395232062,-0.2110762377099338,0.23310512720685106
0.21576737319853076,-0.3628181653740025,0.29640387550472924
-0.03265286938193222,-0.22876412984455555,0.19697481046057874
0.12487712551530472,-0.30401089006398613,0.17365808674885033
0.17995430750861047,-0.29693208145747485,0.39282487032758506
0.15753741105951624,-0.3365473793672152,0.2425267707925946
0.09129959332338783,-0.3112986371155608,0.27620287079162975
-0.5072549527145238,-0.12707959969059973,0.23640096508520733
-0.4483630787148256,-0.11514483485335288,0.22941239479089579
-0.042173870409095066,-0.2694698728929047,0.26740377283643985
-0.2494408169336253,-0.18996601778056693,0.3102267129628429
-0.043404839512650756,-0.22542551623213816,0.25750982207784456
0.5571698379038473,-0.4370399983038073,0.50905276158624
-0.18196217110853471,-0.26914550676617705,0.2709383361352208
0.012886838845068714,-0.2657908592993447,0.22061852013150576
-0.4455986711531334,-0.1410315473030181,0.3560470890902646
-0.12487559537923221,-0.22726468235935227,0.16785928781315104
-0.6931398483240756,-0.011173238492082689,0.3219994077132029
-0.17921284928132428,-0.20265080347283573,0.25850146676796626
-0.31272945776026345,-0.10209672986712233,0.3621684281499552
-0.3172921739084289,-0.11204508198905891,0.19740560161151105
-0.39083307793202515,-0.1538182592037242,0.2521850079418316
-0.092266158338754,-0.23869666653814664,0.2751393903697125
-0.11351146148946455,-0.2281107193568216,0.24577586042150984
-0.25186893982565195,-0.19708565756220156,0.22233585378015402
-0.30681914116385184,-0.15320382737756483,0.2123735057135021
-0.20212137895717133,-0.22258674077021903,0.22539571799505498
0.15323423188003304,-0.321851492961234,0.26516988449332674
-0.1335805567265561,-0.22999141024345543,0.32352712209567136
-0.12251622444878987,-0.24240303292615817,0.22029767345917523
-0.2773495395563518,-0.18769676997872112,0.28293860616950683
-0.13288349055513085,-0.2180711812289785,0.20587696597250252
-0.027581099622766392,-0.2767562457247375,0.21582350389469768
-0.24674093082719484,-0.17512703004203295,0.19721209020288621
-0.05707644574965885,-0.23162070245955663,0.2429615594498075
-0.25913894784354025,-0.19934095643279412,0.2725440376818224
-0.1256867060817856,-0.19130455037360916,0.25795814076522205
-0.053875573036931065,-0.23377612772417372,0.22161778447799324
-0.07767516700606872,-0.26652307339461784,0.3211198798473439
0.4725970482219201,-0.44387590730580156,0.3190907605953516
-0.04606735632070079,-0.2802306625137148,0.3095131823510284
-0.09201242205390006,-0.2886310114499619,0.34912795440131406
-0.19894639174727463,-0.18167300899599512,0.19767713813586338
-0.11765442979956964,-0.20406696834168486,0.2539449590837658
-0.013719424581056749,-0.2789716963869051,0.26752531094543064
-0.32037441593029203,-0.17380158059106557,0.3481990204185466
-0.2450795884065019,-0.2526088539068864,0.22838642834075384
-0.0900227680600307,-0.24847582811564245,0.20074226030763714
0.10807092169091492,-0.2578382920356724,0.32786565364340037
-0.6277968340141918,-0.03837207042393831,0.2967178329974535
-0.050048227998545025,-0.2566166429398096,0.22569670530974473
-0.5589853068836841,-0.1016909284515221,0.20185440089499396
-0.698743487475526,-0.02576346083032827,0.23860428760403854
-0.3513974636310344,-0.14887786338697567,0.25485688365086
0.25130701307299036,-0.3354417686718743,0.2835216428498894
0.35806216388969453,-0.3782314105706679,0.215448007304742
-0.22842083551294062,-0.2362866450877964,0.2032714606035014
-0.18236715322972447,-0.21568970027720086,0.31894623764303265
-0.13647136868414553,-0.22330662712813915,0.22348151004338362
-0.4043796965561518,-0.14579888323766166,0.22418168247047263
-0.021411918726969473,-0.2744221215134412,0.24694030919176013
-0.13975881362238357,-0.21656925032605437,0.33702873426800545
0.07259385811228375,-0.3070667285358042,0.16952016280939752
0.034615837028256505,-0.3055160498389867,0.17550539262268325
-0.2051691987243171,-0.19174970505039285,0.3087725769145869
-0.029847645573992946,-0.26110054697710555,0.3027832744215911
0.4900460224971544,-0.4504367054935584,0.1998625571043626
0.1592830511141835,-0.31196417946519395,0.20793210910974738
-0.17304716781593932,-0.23316787915427714,0.21978060715876735
0.202541264902529,-0.3153636641491685,0.18116974447854955
0.17374428761795252,-0.3234280432284909,0.21066952155241778
0.11267467791276466,-0.32909439154450515,0.17293829949534956
0.009791217248898415,-0.28168564707866284,0.2002803548765606
0.07551801096957601,-0.3051124122957509,0.269417107414804
0.04498001034049311,-0.31735976171524405,0.2367658616248255
0.3896030633910534,-0.409491803057017,0.2885555116514098
-0.2069177598291224,-0.21788203805428294,0.3663072602703646
-0.4235445005483953,-0.19648614977965986,0.26032909084802386
-0.3485901116165201,-0.1918034770077341,0.26751389016507926
-0.28017597708081093,-0.16030962716481612,0.17920763428282663
-0.45867035721212207,-0.12232110007123664,0.3209533287561505
-0.38106275868756523,-0.16759509277844,0.22529384874946853
-0.3840058527825172,-0.07308625000691546,0.46520226038099644
0.03071613268095974,-0.3244384349744195,0.46797292505133115
0.039773449187265664,-0.2633493358535353,0.3238535955159929
-0.048745333180345435,-0.2503872477694649,0.2906616948090892
-0.13467675456250966,-0.2035224293138344,0.216645237741521
0.43381729216582354,-0.3863049448793998,0.31519354304724995
0.4604427379594353,-0.417549232099207,0.24246066879787362
0.011086868918421589,-0.23191441640338364,0.2685620069843145
-0.06580530122668152,-0.23153570662157938,0.3475047006746005
0.296359832986716,-0.42705828721003963,0.502219950610474
0.3843727943575766,-0.4383890101440046,0.22284995018571385
0.4809612407601963,-0.46447794952415206,0.24908983095756435
0.1471679485204709,-0.3460355903131639,0.45353148169051316
-0.08861969334577505,-0.2531519213681738,0.1878392275041481
0.24048522874981565,-0.354272809585375,0.21352856274270615
-0.30664856251171374,-0.16685126877021636,0.2916705079547106
0.252776754080937,-0.3677806648989685,0.2347995261577252
-0.05358470151956503,-0.24974322671599625,0.2913769841662547
0.25666860497930255,-0.3459355722333964,0.2088050003360747
-0.308415580569112,-0.19824196421547177,0.41087709682236656
-0.2571593069441936,-0.1859389277522001,0.24343860595095357
-5.855878962673922e-4,-0.30988359754123934,0.2740460694661893
-0.2181517369562434,-0.186878370898181,0.1542319037461234
-0.019511098012146573,-0.2598641560900045,0.28627875112772816
-0.05573888952229528,-0.2571570389019167,0.17872326179240872
0.12470301126749486,-0.2832893087593033,0.22802508425902565
0.017126139385263382,-0.2941393807585182,0.2983987118934936
-7.395724457327224e-4,-0.24164357398975703,0.25273053997920536
-0.17606235264720788,-0.208931320161663,0.31225949641121864
-0.37265332825270164,-0.15585586184504202,0.31472161347724625
-0.5982571281058807,-0.08187682332865734,0.21265105652872413
-0.5088848336447469,-0.13289867202912192,0.3055137735718453
-0.23823921015059896,-0.21205815736096906,0.18501401312454316
-0.4829590164825378,-0.1307812407065226,0.4153849876671855
-0.379429568861167,-0.14264442923459822,0.3132889639153942
0.01575462539369589,-0.31004102573221726,0.179526209373454
0.14818822164450812,-0.29558744079681304,0.39997339272276433
0.15553729161969207,-0.31388372826707733,0.260978329159513
-0.1540794359088853,-0.20711369771282573,0.23522857904940764
0.25329372511152676,-0.3612943673152662,0.31105503455959277
0.058027653752904654,-0.3343772025651216,0.2456420965279428
0.133992765396739,-0.35530369678617163,0.2931521863405351
0.40639711452234395,-0.3717121935454763,0.342065969047338
0.2228754122506077,-0.3285519232608416,0.29181680351140793
0.31705391459956744,-0.3449038506725976,0.2669017264920543
0.2398476473542297,-0.41054414770009984,0.3400608217324923
-0.06702804544906366,-0.23929072549616281,0.21033541664203514
-0.05103630433569226,-0.2464150558043073,0.3511934473247701
0.13416450649187966,-0.3444812254835457,0.25193156255421223
0.15141007116457336,-0.3474077068582505,0.3991255356092786
0.17328492352753994,-0.31324610312968537,0.20951377151903935
0.38766217494174166,-0.40680308716031455,0.2610314756257297
0.14203076804409703,-0.3518249096024417,0.16889291750203891
-0.07186039213081521,-0.30099547471999955,0.2327826293764222
-0.12374816970570295,-0.2337114213267776,0.2663636837109459
0.3138689414549095,-0.4091965455120513,0.2739578191579032
0.35878654739346966,-0.4207777700125406,0.2575064462181455
-0.11029290131980737,-0.23098748923357945,0.19281310060809753
0.10970544691651549,-0.2967579297718843,0.2694958923778702
0.023046121292488203,-0.29522456537743824,0.25738165141414504
-0.060600451619130725,-0.2558942513533479,0.22447271655408446
0.21791554967677917,-0.36744993117269115,0.23571061270246235
0.020487928614180036,-0.30195556119321026,0.2992290578920979
0.06379343893944085,-0.3041649195919274,0.2550734168722126
-0.3504223574720638,-0.15800283168669893,0.20453076425428074
0.08710329156347546,-0.2841588916649122,0.20820480269389238
0.23520721156930205,-0.325430687956383,0.2421561077632449
0.06755746753096983,-0.28389513339383987,0.268465548127118
-0.07398759651746217,-0.2855588921558001,0.25762899731132716
-0.4094190516838203,-0.14047632861604514,0.20601425740645052
-0.23526175241465758,-0.161613723626396,0.255321054576438
-0.04711432401839339,-0.26610181362897944,0.22100878413453232
0.2729404377702462,-0.36713943657074516,0.23081441031603586
0.32484188749066295,-0.394239621098831,0.414462954164919
0.05379061675922132,-0.28914459603841863,0.27717693144971356
0.1921064193814711,-0.3094977551532601,0.272622799269435
0.07687479633849101,-0.3148526439109499,0.20874877331843375
-0.026933759355428057,-0.27595887168871847,0.19629994164906037
0.12450336973172682,-0.3129889507385574,0.1528799838185007
0.0531405659461715,-0.3067810606805689,0.20634660218720013
-0.017548012113452083,-0.252899316021105,0.2421256377316391
-0.0811729415837604,-0.22653466430925176,0.2303144122268081
0.028349819542527438,-0.3363934496715775,0.2828754476251012
0.4392488996594001,-0.40529305170575963,0.26950116224968323
0.22999354022845536,-0.3547126705651781,0.27861877880781877
-0.015255644708165123,-0.26644673486859116,0.2638534181017302
-0.1139365998462906,-0.20927879840322572,0.22150252076100538
-0.059985772820662975,-0.2865491327675722,0.17413191175404247
-0.36238693802053523,-0.15907557902259903,0.22475446284730338
-0.23090540585150826,-0.1390817190936713,0.26503280211374414
-0.012109556415200475,-0.2619958752514798,0.23098942580063558
0.129114662403322,-0.3515309511237246,0.3093891436874205
0.0019320781465678068,-0.2688986247675448,0.22645367410764328
-0.1664980125435464,-0.22855246716969238,0.2920000472580355
-0.38412184926925913,-0.15130884616585852,0.29036218829631666
-0.10088243562793749,-0.21070752943100574,0.2139432796455986
0.15522501540480743,-0.36791785141111527,0.21435910609232706
-3.4307479591808715e-4,-0.28488904258542436,0.2980807016480146
-0.00969993181140489,-0.2592908336555948,0.21188564151622066
-0.27202412645097807,-0.18137212130814734,0.21850665929009627
-0.12740802448561292,-0.20379890751367424,0.39773619063880367
0.23302141268333842,-0.32429399931424996,0.2803786927757194
0.09164395043810047,-0.27834318455393237,0.27663309935449415
0.3530208677315772,-0.37285805184004917,0.37928154901703065
-0.36502010966554327,-0.18280359041432487,0.2817220925299738
-0.259148021308709,-0.17411952739699985,0.25954932120137153
0.44702195745803963,-0.45028803194745065,0.3528068651245814
0.24221453469443577,-0.39524321876407964,0.27722821624389365
0.24068799697957283,-0.3681044151721785,0.3782674799625162
0.3383113098699062,-0.3933612520689765,0.30790211526128936
-0.0710170329068501,-0.2630206817380594,0.21780616885279014
0.18754115412952388,-0.35976996140686723,0.2220764600255231
-0.057082356137577,-0.26631484756748514,0.217781990617633
0.15532310471172356,-0.30239691968221766,0.28894799644765656
0.2180560873660995,-0.3533197624577198,0.26349590194679307
0.4200560490342706,-0.366133299817031,0.4543973081026415
0.17594605437900426,-0.3585132608793296,0.20797381300353973
0.07223646026726974,-0.3115267662459059,0.1736492638758667
-0.1273701440537462,-0.24047291341418633,0.26725926025001306
-0.051756270607775545,-0.26042210428078466,0.21700238982405431
-0.2045428469267237,-0.22561221566563752,0.24590806929619952
0.2201719166908727,-0.34605912362728125,0.3237479601636768
0.1545171521301841,-0.3309862045052497,0.2412734821061735
0.3889140663238048,-0.44829107753535297,0.2965643727630709
-0.13893577643108257,-0.2610175126576582,0.30580421439199434
-0.044854819112219474,-0.2919476191436945,0.22972609951374412
0.2056625967122879,-0.32119252164580575,0.227818292036137
-0.004745431381904874,-0.28355257671245776,0.23791584390411227
0.19074885465987107,-0.33576273191815315,0.2216424440279518
0.06590583447565102,-0.24626271500601252,0.3549072117368155
0.22534354869815598,-0.3250788372363449,0.24198407947472006
0.13318823097996885,-0.30945791317798504,0.18671639737281062
0.3225499211183149,-0.44024445061026596,0.3536444238664058
0.2843051697809751,-0.35079638180499356,0.17881881621135376
0.030598966277478504,-0.2777796875871727,0.16271546448798183
-0.0073942090329962885,-0.276061385136664,0.17833542647649261
-0.26534336180861473,-0.1975176141358054,0.18683920982870536
0.09734267672243874,-0.3085734912491737,0.23209148954059614
-0.16752979271883583,-0.23931304325651803,0.22137727131373686
0.2777187876128845,-0.36887386865446237,0.1866510102392009
0.7875665661605861,-0.5134090405404412,0.44992420798303495
0.12907037934238574,-0.29969275628302045,0.19479316946858444
0.2671277614578262,-0.3870753042852818,0.2441783948071859
-0.07702582183500382,-0.25839040902966626,0.19916115859093064
0.004962426086135299,-0.25987794685765764,0.3082597571350676
0.012296450533693576,-0.24653171428001552,0.30614744165624513
0.1301800951769006,-0.2799439450877847,0.32396551051768874
0.07440401769128291,-0.36112894550049657,0.2599878273578027
-0.2527609914466484,-0.19249307289850828,0.30740613015767315
0.3192342463792356,-0.3424283249962951,0.2617232473372324
-0.07873555651286623,-0.2685575783669507,0.27576684103134713
-0.07090618414172953,-0.22197816252557004,0.29409267925943816
-0.06651543941696916,-0.24694325012862606,0.25732252553357926
0.5027387626109352,-0.46247127453949743,0.24299148868792225
0.30906350226808565,-0.4001520858863707,0.2153814311924335
-0.23371640856032233,-0.21507645124457808,0.2600398808777764
0.021835472853248702,-0.24421108117254475,0.25867061490338594
-0.5217741358213351,-0.08911800184191827,0.2525327161549801
-0.08899886255835752,-0.27941866855135494,0.3241784064271489
-0.476100452751567,-0.10672521264627602,0.3065290310390263
-0.07092666161107583,-0.22495742687311557,0.26577563669125837
-0.33695364471902306,-0.1767831404403978,0.21434945610881806
0.27473301708091014,-0.368657273370721,0.3615497844858959
0.3479116466286478,-0.42922891383461775,0.26440003172651216
-0.026075536912974144,-0.26145180307348365,0.33306147836101785
-0.08394829979220662,-0.22446268844214537,0.2698235980543822
-0.24569329282903773,-0.19562637707823213,0.49250952224293687
0.14645984680939766,-0.34662116300361506,0.216075457546243
0.42694750197768544,-0.4296482840079269,0.21020747734270176
0.35742029564268923,-0.40422714775680313,0.26055650949477444
0.06932329160534642,-0.30581919028084475,0.19956179587356215
-0.4252706346768648,-0.14653746600496903,0.32705978032182315
-0.5607824397486825,-0.05946924272845075,0.287206252181964
-0.46319150972830725,-0.12786753060670106,0.2597057885263132
-0.043951814779453896,-0.22509546061663865,0.24663770390325734
-0.14263467514358033,-0.23845985032852218,0.22222440742029212
-0.017347141651775873,-0.269159324924393,0.32564742492574006
-0.07808806819514821,-0.2510660931734211,0.22181097743904
0.28278944155262736,-0.3560464229127901,0.2727392521848367
0.1582209754170421,-0.324273739490113,0.14534063668866026
0.11701519899206517,-0.3746337238643142,0.33276350986240577
0.4207097453560505,-0.43360894910295456,0.30991186155767847
-0.14752161447712708,-0.2390921801280489,0.24610260691647529
-0.05434111714058096,-0.22226291808780899,0.2354619217252419
0.3517766980346468,-0.39387961266487487,0.2460865571268756
0.07023736408480277,-0.31016960282513856,0.22617582717346324
-0.11247583972000946,-0.2227068068793234,0.2964515236027299
0.1895710449628705,-0.2980683330720816,0.254203859411994
0.3804046632519515,-0.40446806315574635,0.28848801267429525
-0.04139172135459185,-0.25182990965135965,0.2745718979775936
0.08368723606055076,-0.304465885753198,0.2639581975134102
0.3691236264872208,-0.41734938444402936,0.27401149558714233
0.34104234690746366,-0.3700300640090051,0.41757148836103997
0.47250439211489315,-0.4509063890012401,0.19931821967870836
-0.48005909789483936,-0.11147748867591749,0.23631403050683866
-0.2267639680723142,-0.15320102198399427,0.3128713418263113
-0.012427032831934026,-0.24246441600779534,0.18758219209289623
-0.17604017367173375,-0.27102975985744493,0.31011688849457336
-0.1101913991845212,-0.24092607724825799,0.35693166273335886
-0.04894179402524479,-0.21827331868410987,0.22881028187454475
-0.12118446619813343,-0.283596422896643,0.21483543554152656
-0.07030282056922611,-0.2415436360122784,0.3068881589320993
-0.5738653419357119,-0.09712704887122836,0.27083584125346055
-0.18203364292502533,-0.22982137612672393,0.2159319793329179
-0.1648332317125063,-0.22000176700557378,0.15549414293245323
-0.20651127464888794,-0.2164108802321637,0.1895432924640928
0.050175429717564016,-0.2627192013871256,0.2077725937454329
0.014606472951429632,-0.27287949397412375,0.25811277095839014
-0.2685638751388269,-0.20854483666020346,0.4534942648023199
-0.14984167890360808,-0.20104570298968935,0.24679068363286183
-0.10594888716781498,-0.15738513190704367,0.3980113692643416
0.09084032699977844,-0.3311324395104343,0.36676486231460603
-0.21783471031529694,-0.22086322516090065,0.21766962342577345
-0.17832730915733563,-0.18723353035878487,0.21286984546242013
-0.007400885572983101,-0.23640241277556134,0.31859319230756045
0.2772590385597284,-0.38361500441996355,0.20709492588416994
0.18426975292724687,-0.3309661625693344,0.18130430697826294
0.16010865651721096,-0.34662929635138523,0.21028635429481857
0.20330887572531706,-0.30205491678878627,0.3947071368652256
0.2716249282064362,-0.3610219635180272,0.2191719725313824
0.009389657677649696,-0.30210174563956466,0.4245491336546998
0.10600240679992151,-0.30434770269900085,0.28589422255762703
0.1575712187603569,-0.31930075616825876,0.5058625914760713
0.02272050799964304,-0.29075333481111076,0.3910524975743522
0.18646183968438898,-0.36515993337610203,0.23350539508441803
-0.13502024822020836,-0.24088245808567532,0.21839384222050853
0.1209973600816791,-0.33553151563179234,0.3053036897180481
-0.3768494083186204,-0.1263231526758958,0.22931082479101061
-0.7877104190601796,0.016985776154552944,0.30954080775020754
-1.2105647456558084,0.0748544121874968,0.46013105240037644
-1.1273999294025694,0.09402534069331768,0.4287987307758273
-1.6024510224477964,0.23601345087094103,0.3777028158035914
-0.7677601693856819,0.009514329530145697,0.29449737982684904
-0.12228546559586219,-0.2216505042202072,0.3207193778221733
-0.009657468313984258,-0.30166960739838133,0.24067704589039107
0.13938505853189276,-0.3165724821062642,0.2671099564709585
0.05164349283874638,-0.28838333316085174,0.24460328395963718
-0.06783150595525082,-0.28938960633163596,0.2940561522496534
-0.3759200466118159,-0.14748115390468097,0.23190286386988987
-0.30441437166738866,-0.1782598957280701,0.27661527542588804
0.13974709710148864,-0.28278208518391346,0.4147972101447087
-0.16142069612908164,-0.23975459094183144,0.2647440180341173
-0.6885323785153025,-0.0760761583956371,0.49641399912271367
-0.483957755591325,-0.1287703583603768,0.29630418781833
-0.01870299785235477,-0.31991624270848185,0.267626605405761
0.026614337033219942,-0.2607385012392505,0.28609551327223115
0.16891920367752944,-0.3093106730494123,0.1742354102992821
0.022517437072852073,-0.24295383804957893,0.20308138068189552
-0.23772759182391612,-0.19506574716584135,0.276796782526085
0.32043569777690956,-0.36568332870683334,0.2406467190104624
0.2833917878564057,-0.3856607451983874,0.2541228469174099
-0.022396030770917615,-0.26497665907772533,0.35305386921071075
0.37584001098756004,-0.33454031658136296,0.2439627172475644
-0.061501690515135286,-0.2532908813762407,0.2747443343147902
0.281153420775566,-0.3754562965604052,0.34648221828788334
0.24775579803049763,-0.3849614024886378,0.2838830763212048
-0.11834488187694354,-0.22678691718755278,0.25950222944430645
-0.14529565667185118,-0.21681599546467245,0.27466979100352235
-0.013489966089981039,-0.2765580338435256,0.20413174543624518
0.24656198722889652,-0.4057850345086767,0.35568887468254085
0.42886208974777573,-0.4105539582408238,0.2389932803974315
-0.2266624342512738,-0.21024505217003958,0.22746294185838734
0.19062358763222226,-0.35766197882354045,0.21555039849754373
-0.24443456394979027,-0.21897015179247842,0.2444713319294696
-0.48756532586103063,-0.09568197622056712,0.35255515793443803
-0.4510270853456236,-0.11518607728164314,0.24310736220716345
-0.4340546872775478,-0.10653971532313528,0.18570815670686822
-0.12462975748130489,-0.26952018320087573,0.22347074003393613
-0.03151767237160853,-0.2778296911920456,0.2145108553536713
-0.05874712652908129,-0.19666524517174,0.27012166367841184
-0.03295888262427345,-0.26143051824217217,0.3244065067500332
-0.2050955654581035,-0.221449826557148,0.3710072266393051
-0.10488048214462323,-0.22805976143450613,0.19315593345956839
-0.30069706496523546,-0.19952112399725935,0.3965663320842558
-0.11437329426901977,-0.2534934025048466,0.2394603875395157
-0.44428196893895117,-0.13284935360691302,0.17996156246616052
0.2147814198268209,-0.3294234259820034,0.19050217398394842
0.3393287635468587,-0.38012076437247544,0.2085993945234282
-0.15514832504875248,-0.21929000319230324,0.22243410721727203
0.09716265149506165,-0.3146599117786175,0.20640121885465507
-0.15793050775042775,-0.19618771155005116,0.2094534452145571
-0.2601347924651853,-0.17142522997602636,0.17389310572701897
-0.10618442633162006,-0.22008460617204337,0.24066371693122496
0.1825794382676472,-0.4070861756521054,0.36601641465409646
0.055250651654216894,-0.3070353143921244,0.2127881360362287
0.32488685790028954,-0.3744167729970105,0.31026875378780805
-0.31860255259411374,-0.1707417607891038,0.18138942183550544
-0.37962844410564706,-0.14053543018600517,0.30246730884619877
-0.28905003179852856,-0.12566255568500023,0.3307296221097662
-0.2307022385450524,-0.21427131458289492,0.2737770967867891
-0.17728980384163823,-0.2332352578409078,0.3466123880477904
0.28339192828368054,-0.41349148387038664,0.33562784676914037
0.33936166228795883,-0.38630066327062473,0.22968787340432495
0.06270170829089403,-0.3096242904398863,0.20098589254026686
0.11846052189864609,-0.3797911977526386,0.31371126319528697
0.22864895893984127,-0.32630083601101983,0.21575951281150896
0.4850249560011315,-0.4370804631204611,0.20828948607569464
0.521177807941526,-0.4712614507064035,0.35383668062674173
0.5844253038734449,-0.4410588916059557,0.30384375373648176
-0.04118923354291448,-0.35346704733177753,0.3539533789754419
-0.001850609433302071,-0.2865995002116751,0.18599478069043351
-0.0904960845788064,-0.19890298528199502,0.25013482619543087
0.18375432173852121,-0.31882306810289723,0.22545400844212193
0.13443145717503252,-0.3399260787066267,0.26030935985447823
-0.029434980188733376,-0.22281313296878835,0.23024002531201193
-0.06471677924118334,-0.227848349425929,0.2426425285983667
0.08048636067818027,-0.291218141886267,0.3073840022689219
0.24165220338230725,-0.31677453277901313,0.27276310895140154
0.5231540314667772,-0.4290680957595045,0.369914122713842
0.29065099802070865,-0.3820321996464202,0.1901062154112142
0.06072209866393198,-0.30636599763618866,0.29046535843200194
-0.2923511260311034,-0.1861999025102822,0.27911428223623835
0.2287123367974001,-0.3588620144577648,0.17661479437669864
-0.4800956440463376,-0.11340116042809796,0.34075894318459843
-0.6579163756151136,-0.05395012046084152,0.2998489876105742
0.19814399344315414,-0.35629066930746905,0.23595149325607367
-0.033212880430656525,-0.23908432360904913,0.23700807644172667
0.3611604223109666,-0.41764322592551995,0.31705795059758224
-0.08629565760201602,-0.26615810194259143,0.27406243548946
-0.12565279015060277,-0.19783457165218488,0.22409975999284404
-0.2106805874117919,-0.15761735039140554,0.37521535201877654
0.20154182784482166,-0.32137421148815504,0.20764878688411587
-0.21669627107581013,-0.21003631108099227,0.1879611707696648
-0.11786590202927569,-0.23967183696528274,0.2881221589684454
-0.034929431398617136,-0.25889183780492353,0.22996526276207385
0.1819042240191765,-0.36059123333252757,0.29313110901265416
0.09873740250267411,-0.2817253428892376,0.3203020138939377
-0.010999454697840895,-0.28922730642203226,0.25916281201897273
-0.21878926272576762,-0.20046357447823512,0.27470144891179415
-0.15113400299215368,-0.18335434648350407,0.2493900102161291
-0.09137159049055177,-0.206166218433814,0.4626509162260693
0.10377847392543514,-0.28405025533408096,0.4646085148743836
0.09594081982302792,-0.30249712181075183,0.2190646159425012
-0.005830742523899812,-0.2469715074266121,0.19819991741401619
0.32574693197078003,-0.38701735327654274,0.2698585066533637
0.2369990813747161,-0.36040009180654925,0.24074432642745713
0.09003670941764169,-0.30525856755199043,0.19974609790803993
-0.05886405521918638,-0.26709996582843915,0.18659254209475734
-0.0313862925292198,-0.24915672087344784,0.289235122328826
-0.47244009423567696,-0.12447835788832995,0.26768891243914733
0.30712857231435114,-0.3732115744050583,0.1887303817131264
0.14948839287480356,-0.3231100989389857,0.24010977337017114
0.27231927612671747,-0.3541909734763942,0.1868254405555566
-0.09442183929323061,-0.22217228693939084,0.2846262044133025
0.2708374893407135,-0.38509158262639015,0.19501061307994985
0.4385676969043904,-0.4116275656398434,0.45190603029053766
0.21954146274833822,-0.40441206407407343,0.2608708799246512
-0.10338521587732023,-0.23840273531116665,0.25059930428841926
-0.23306187168087777,-0.22765483918043403,0.2223286849625325
-0.09407741155553782,-0.24309748922034388,0.1735288979372718
0.04227763496451231,-0.31398031614371424,0.25187724573964315
0.028474336117564218,-0.29819895519233963,0.28062696960656874
-0.15052399109876774,-0.18802947379734788,0.26147164573279835
-0.1596762364427012,-0.22984470311062785,0.23940156498163573
-0.017851446871149708,-0.28611629839068414,0.21416001229440518
-0.04927720666903141,-0.2635288832132183,0.19726761443385787
-0.29778295973311725,-0.17874704893853,0.23101728192561893
-0.5299744687402779,-0.13443935845709581,0.3043408590100385
0.208084525506405,-0.3296384720444759,0.2140804923497805
0.09584436855986558,-0.3115045018587692,0.2037777658181423
0.31988094961297775,-0.4255148241738188,0.3742429888358051
-0.2697697810477319,-0.1760507639245252,0.3154734553650079
-0.07531623907883543,-0.2289631138674519,0.30121131246293986
-0.04282092418896476,-0.23551716738295064,0.22563231964052294
-0.005067872216814161,-0.2736073898081782,0.27325408573662957
0.06395911880180123,-0.2995030888081057,0.2169638477788553
0.10582936343942492,-0.2748129601211975,0.40692863602109264
-0.37886908431753374,-0.11806043237533007,0.3037475308916247
-0.515462427185001,-0.10420676275265642,0.3094597717137304
-0.008778273587189259,-0.31617082011978287,0.25472082665613294
-0.061582414533468036,-0.2878386171756409,0.2190771127864343
-0.16067141541386856,-0.21562703811523798,0.19703477300849415
0.12981838672957569,-0.29361262670380445,0.2150056407795016
0.16091099377769677,-0.3277719723877676,0.21815368048638314
0.2127096900416718,-0.3384137637999863,0.2908210834299831
0.5907443462432412,-0.41574996383300805,0.28525064287768087
-0.11063157808317481,-0.24602896276854097,0.313810729367475
-0.43636016444557635,-0.13408816560054024,0.31909221168368973
-0.37456584207706223,-0.12006290752043261,0.36498732999915995
-0.08815461522319712,-0.22950901886731326,0.2741766592010614
0.11478696506495328,-0.32565607441876976,0.27514197064575957
0.3595994230035885,-0.3821377567402174,0.2243815580566153
0.576520131040468,-0.49175564724936427,0.42025881672333953
0.05764866465485019,-0.3024154485856552,0.22874928509862943
-0.22220479746563718,-0.2132349908327536,0.2709934341059734
-0.4652015779094808,-0.12395092767072224,0.20233756370799474
-0.48902474036031823,-0.07599545606019208,0.22373331228779805
-0.525955819420369,-0.035853294325114866,0.5472867716665655
0.05527466489308412,-0.26351962952454866,0.41649729758034265
-0.0766139083882344,-0.2638224350619784,0.2640042569573908
0.11327024605766302,-0.2839119243002023,0.2827189636630463
